Country,Indicator,Time,count,frequencies,min,max,mean,std,range_abs
Egypt,Budget Deficit/Surplus,2007-01-01,2,Yearly,-56213.0,-29076.0,-42644.5,19188.75672105934,27137.0
Egypt,Budget Deficit/Surplus,2008-01-01,2,Yearly,-67563.0,-50425.0,-58994.0,12118.396015975051,17138.0
Egypt,Budget Deficit/Surplus,2009-01-01,2,Yearly,-72379.0,-59290.0,-65834.5,9255.32065895072,13089.0
Egypt,Budget Deficit/Surplus,2010-01-01,2,Yearly,-98886.0,-92356.0,-95621.0,4617.407281148156,6530.0
Egypt,Budget Deficit/Surplus,2011-01-01,2,Yearly,-134138.0,-97209.0,-115673.5,26112.746322438015,36929.0
Egypt,Budget Deficit/Surplus,2012-01-01,2,Yearly,-165689.0,-116067.0,-140878.0,35088.05269603886,49622.0
Egypt,Budget Deficit/Surplus,2013-01-01,2,Yearly,-246853.0,-181193.0,-214023.0,46428.631252708714,65660.0
Egypt,Budget Deficit/Surplus,2014-01-01,2,Yearly,-254715.0,-150366.0,-202540.5,73785.88551003505,104349.0
Egypt,Budget Deficit/Surplus,2015-01-01,2,Yearly,-284314.0,-232734.0,-258524.0,36472.567773602124,51580.0
Egypt,Budget Deficit/Surplus,2016-01-01,2,Yearly,-244653.0,-244653.0,-244653.0,,0.0
Egypt,Budget Deficit/Surplus,2017-01-01,2,Yearly,-366401.0,-277504.0,-321952.5,62859.67152714051,88897.0
Egypt,Budget Deficit/Surplus,2018-01-01,2,Yearly,-425385.0,-285441.0,-355413.0,98955.35138637021,139944.0
Egypt,Budget Deficit/Surplus,2019-01-01,2,Yearly,-423019.0,-304022.0,-363520.5,84143.5856408556,118997.0
Egypt,Budget Deficit/Surplus,2020-01-01,2,Yearly,-408509.0,-287190.0,-347849.5,85785.48758677076,121319.0
Egypt,Budget Deficit/Surplus,2021-01-01,2,Yearly,-459449.0,-334758.0,-397103.5,88169.8516529318,124691.0
Egypt,Budget Deficit/Surplus,2022-01-01,2,Yearly,-477486.0,-364904.0,-421195.0,79607.4956395439,112582.0
Egypt,Budget Deficit/Surplus,2023-01-01,2,Yearly,-580182.0,-514844.0,-547513.0,46200.94286916664,65338.0
Egypt,Defence Expenditure,2007-01-01,2,Yearly,12909.0,17718.0,15313.5,3400.476510726107,4809.0
Egypt,Defence Expenditure,2008-01-01,2,Yearly,13992.0,19849.0,16920.5,4141.524417409609,5857.0
Egypt,Defence Expenditure,2009-01-01,2,Yearly,16514.0,22267.0,19390.5,4067.985312166208,5753.0
Egypt,Defence Expenditure,2010-01-01,2,Yearly,17621.0,23453.0,20537.0,4123.846747879945,5832.0
Egypt,Defence Expenditure,2011-01-01,2,Yearly,19500.0,26484.0,22992.0,4938.433759806848,6984.0
Egypt,Defence Expenditure,2012-01-01,2,Yearly,18920.0,26018.0,22469.0,5019.043932862114,7098.0
Egypt,Defence Expenditure,2013-01-01,2,Yearly,21079.0,28739.0,24909.0,5416.437943888954,7660.0
Egypt,Defence Expenditure,2014-01-01,2,Yearly,21537.0,31844.0,26690.5,7288.149593689745,10307.0
Egypt,Defence Expenditure,2015-01-01,2,Yearly,28841.0,41477.0,35159.0,8935.001287073215,12636.0
Egypt,Defence Expenditure,2016-01-01,2,Yearly,30854.0,30854.0,30854.0,,0.0
Egypt,Defence Expenditure,2017-01-01,2,Yearly,36557.0,48934.0,42745.5,8751.8606307459,12377.0
Egypt,Defence Expenditure,2018-01-01,2,Yearly,42370.0,55002.0,48686.0,8932.172859948469,12632.0
Egypt,Defence Expenditure,2019-01-01,2,Yearly,48992.0,61582.0,55287.0,8902.474375138634,12590.0
Egypt,Defence Expenditure,2020-01-01,2,Yearly,51163.0,66868.0,59015.5,11105.111998534729,15705.0
Egypt,Defence Expenditure,2021-01-01,2,Yearly,58797.0,79426.0,69111.5,14586.905789097289,20629.0
Egypt,Defence Expenditure,2022-01-01,2,Yearly,65548.0,89708.0,77628.0,17083.699833466988,24160.0
Egypt,Defence Expenditure,2023-01-01,2,Yearly,74339.0,100966.0,87652.5,18828.132262654202,26627.0
Egypt,Expenditure,2007-01-01,2,Yearly,143290.0,244018.0,193654.0,71225.45185535857,100728.0
Egypt,Expenditure,2008-01-01,2,Yearly,197275.0,305795.0,251535.0,76735.22789436414,108520.0
Egypt,Expenditure,2009-01-01,2,Yearly,247044.0,356944.0,301994.0,77711.03525240158,109900.0
Egypt,Expenditure,2010-01-01,2,Yearly,261088.0,396768.0,328928.0,95940.24807139077,135680.0
Egypt,Expenditure,2011-01-01,2,Yearly,267555.0,440410.0,353982.5,122226.94266200067,172855.0
Egypt,Expenditure,2012-01-01,2,Yearly,349053.0,516422.0,432737.5,118347.75486041127,167369.0
Egypt,Expenditure,2013-01-01,2,Yearly,423691.0,644080.0,533885.5,155838.55639892202,220389.0
Egypt,Expenditure,2014-01-01,2,Yearly,466919.0,759847.0,613383.0,207131.37519941299,292928.0
Egypt,Expenditure,2015-01-01,2,Yearly,548515.0,805929.0,677222.0,182019.18497235395,257414.0
Egypt,Expenditure,2016-01-01,2,Yearly,586805.0,586805.0,586805.0,,0.0
Egypt,Expenditure,2017-01-01,2,Yearly,696606.0,1116985.0,906795.5,297252.84156841965,420379.0
Egypt,Expenditure,2018-01-01,2,Yearly,855401.0,1335980.0,1095690.5,339820.6697958498,480579.0
Egypt,Expenditure,2019-01-01,2,Yearly,995542.0,1505187.0,1250364.5,360373.435497818,509645.0
Egypt,Expenditure,2020-01-01,2,Yearly,1063969.0,1580934.0,1322451.5,365549.45713610353,516965.0
Egypt,Expenditure,2021-01-01,2,Yearly,1202904.0,1729464.0,1466184.0,372334.14670158847,526560.0
Egypt,Expenditure,2022-01-01,2,Yearly,1266096.0,1937165.0,1601630.5,474517.4405440753,671069.0
Egypt,Expenditure,2023-01-01,2,Yearly,1559307.0,2309495.0,1934401.0,530463.0219647738,750188.0
Egypt,Exports,2006-01-01,2,"Quarterly,Yearly",4884.9,18455.1,11670.0,9595.580442057688,13570.199999999999
Egypt,Exports,2007-01-01,2,"Quarterly,Yearly",5232.5,22017.5,13625.0,11868.7873222162,16785.0
Egypt,Exports,2008-01-01,2,"Quarterly,Yearly",7734.7,29355.8,18545.25,15288.426426712462,21621.1
Egypt,Exports,2009-01-01,2,"Quarterly,Yearly",5657.8,25168.9,15413.35,13796.431118408847,19511.100000000002
Egypt,Exports,2010-01-01,2,"Quarterly,Yearly",5450.4,23873.1,14661.75,13026.816097765408,18422.699999999997
Egypt,Exports,2011-01-01,2,"Quarterly,Yearly",6243.3,26992.5,16617.9,14671.900024195913,20749.2
Egypt,Exports,2012-01-01,2,"Quarterly,Yearly",5532.1,25071.9,15302.0,13816.725083028901,19539.800000000003
Egypt,Exports,2013-01-01,2,"Quarterly,Yearly",6649.9,26988.1,16819.0,14381.27913712824,20338.199999999997
Egypt,Exports,2014-01-01,2,"Quarterly,Yearly",6403.4,26022.6,16213.0,13872.869361455112,19619.199999999997
Egypt,Exports,2015-01-01,2,"Quarterly,Yearly",4752.3,22245.1,13498.699999999999,12369.277501940036,17492.8
Egypt,Exports,2016-01-01,2,"Quarterly,Yearly",4275.5,18704.6,11490.05,10202.914456418812,14429.099999999999
Egypt,Exports,2017-01-01,2,"Quarterly,Yearly",5486.1,21728.2,13607.150000000001,11484.899050710024,16242.1
Egypt,Exports,2018-01-01,2,"Quarterly,Yearly",6755.8,25827.0,16291.4,13485.374845364884,19071.2
Egypt,Exports,2019-01-01,2,"Quarterly,Yearly",6638.1,28495.0,17566.55,15455.16220571625,21856.9
Egypt,Exports,2020-01-01,2,"Quarterly,Yearly",6702.6,26376.0,16539.3,13911.194548995423,19673.4
Egypt,Exports,2021-01-01,2,"Quarterly,Yearly",7649.5,28676.5,18163.0,14868.334288009535,21027.0
Egypt,Exports,2022-01-01,2,"Quarterly,Yearly",11779.8,43906.4,27843.1,22716.93671646774,32126.600000000002
Egypt,Exports,2023-01-01,2,"Quarterly,Yearly",9551.1,39624.0,24587.55,21264.751519944926,30072.9
Egypt,GDP Growth Rate,2003-01-01,2,"Quarterly,Yearly",2.9,3.19,3.045,0.2050609665440988,0.29000000000000004
Egypt,GDP Growth Rate,2004-01-01,2,"Quarterly,Yearly",3.86,4.09,3.9749999999999996,0.16263455967290577,0.22999999999999998
Egypt,GDP Growth Rate,2005-01-01,2,"Quarterly,Yearly",4.47,4.62,4.545,0.10606601717798238,0.15000000000000036
Egypt,GDP Growth Rate,2006-01-01,2,"Quarterly,Yearly",6.81,6.84,6.824999999999999,0.021213203435596288,0.03000000000000025
Egypt,GDP Growth Rate,2007-01-01,2,"Quarterly,Yearly",7.09,7.37,7.23,0.19798989873223316,0.28000000000000025
Egypt,GDP Growth Rate,2008-01-01,2,"Quarterly,Yearly",7.16,7.36,7.26,0.14142135623730995,0.20000000000000018
Egypt,GDP Growth Rate,2009-01-01,2,"Quarterly,Yearly",4.32,4.67,4.495,0.24748737341529137,0.34999999999999964
Egypt,GDP Growth Rate,2010-01-01,2,"Quarterly,Yearly",5.15,5.6,5.375,0.31819805153394587,0.4499999999999993
Egypt,GDP Growth Rate,2011-01-01,2,"Quarterly,Yearly",-4.33,1.76,-1.2850000000000001,4.306280297426074,6.09
Egypt,GDP Growth Rate,2012-01-01,2,"Quarterly,Yearly",2.23,5.2,3.715,2.1001071401240465,2.97
Egypt,GDP Growth Rate,2013-01-01,2,"Quarterly,Yearly",1.96,2.19,2.075,0.16263455967290608,0.22999999999999998
Egypt,GDP Growth Rate,2014-01-01,2,"Quarterly,Yearly",2.92,3.46,3.19,0.3818376618407357,0.54
Egypt,GDP Growth Rate,2015-01-01,2,"Quarterly,Yearly",3.27,4.37,3.8200000000000003,0.7778174593052025,1.1
Egypt,GDP Growth Rate,2016-01-01,2,"Quarterly,Yearly",3.71,4.35,4.029999999999999,0.45254833995938987,0.6399999999999997
Egypt,GDP Growth Rate,2017-01-01,2,"Quarterly,Yearly",4.18,4.42,4.3,0.16970562748477155,0.2400000000000002
Egypt,GDP Growth Rate,2018-01-01,2,"Quarterly,Yearly",5.31,5.4,5.355,0.0636396103067895,0.09000000000000075
Egypt,GDP Growth Rate,2019-01-01,2,"Quarterly,Yearly",5.56,5.62,5.59,0.0424264068711932,0.0600000000000005
Egypt,GDP Growth Rate,2020-01-01,2,"Quarterly,Yearly",3.57,5.0,4.285,1.0111626970967629,1.4300000000000002
Egypt,GDP Growth Rate,2021-01-01,2,"Quarterly,Yearly",2.9,3.3,3.0999999999999996,0.2828427124746188,0.3999999999999999
Egypt,GDP Growth Rate,2022-01-01,2,"Quarterly,Yearly",5.4,6.6,6.0,0.8485281374238566,1.1999999999999993
Egypt,GDP Growth Rate,2023-01-01,2,"Quarterly,Yearly",3.8,3.9,3.8499999999999996,0.07071067811865497,0.10000000000000009
Egypt,GDP Growth Rate,2024-01-01,2,"Quarterly,Yearly",2.22,2.4,2.31,0.12727922061357835,0.17999999999999972
Egypt,Government Debt,2005-01-01,2,"Quarterly,Yearly",18231.0,18908.2,18569.6,478.8527122195318,677.2000000000007
Egypt,Government Debt,2006-01-01,2,"Quarterly,Yearly",18562.6,18864.5,18713.55,213.47553724021972,301.90000000000146
Egypt,Government Debt,2007-01-01,2,"Quarterly,Yearly",18455.6,19492.0,18973.8,732.8454680217388,1036.4000000000015
Egypt,Government Debt,2008-01-01,2,"Quarterly,Yearly",21641.1,21834.1,21737.6,136.47160876900367,193.0
Egypt,Government Debt,2009-01-01,2,"Quarterly,Yearly",24992.2,25817.7,25404.95,583.716647869495,825.5
Egypt,Government Debt,2010-01-01,2,"Quarterly,Yearly",24980.7,26249.3,25615.0,897.0356626132532,1268.5999999999985
Egypt,Government Debt,2011-01-01,2,"Quarterly,Yearly",26754.5,27092.2,26923.35,238.78996000669633,337.7000000000007
Egypt,Government Debt,2012-01-01,2,"Quarterly,Yearly",25482.9,25594.4,25538.65,78.84240610230005,111.5
Egypt,Government Debt,2013-01-01,2,"Quarterly,Yearly",25732.4,28489.6,27111.0,1949.6348170875467,2757.199999999997
Egypt,Government Debt,2014-01-01,2,"Quarterly,Yearly",29051.5,29054.0,29052.75,1.7677669529663689,2.5
Egypt,Government Debt,2015-01-01,2,"Quarterly,Yearly",24041.3,25707.2,24874.25,1177.9691867786705,1665.9000000000015
Egypt,Government Debt,2016-01-01,2,"Quarterly,Yearly",24436.7,24467.7,24452.2,21.920310216782973,31.0
Egypt,Government Debt,2017-01-01,2,"Quarterly,Yearly",32237.6,34874.7,33556.149999999994,1864.7112926670409,2637.0999999999985
Egypt,Government Debt,2018-01-01,2,"Quarterly,Yearly",43741.7,47648.8,45695.25,2762.736904773964,3907.100000000006
Egypt,Government Debt,2019-01-01,2,"Quarterly,Yearly",53835.3,57272.0,55553.65,2430.113874903806,3436.699999999997
Egypt,Government Debt,2020-01-01,2,"Quarterly,Yearly",60404.1,69352.1,64878.100000000006,6327.191478057235,8948.000000000007
Egypt,Government Debt,2021-01-01,2,"Quarterly,Yearly",80491.4,82445.6,81468.5,1381.8280717947594,1954.2000000000116
Egypt,Government Debt,2022-01-01,2,"Quarterly,Yearly",82275.4,83171.7,82723.54999999999,633.7798079775098,896.3000000000029
Egypt,Government Debt,2023-01-01,2,"Quarterly,Yearly",83413.3,83428.3,83420.8,10.606601717798213,15.0
Egypt,Government Debt,2024-01-01,2,"Quarterly,Yearly",80178.2,82206.0,81192.1,1433.871130890078,2027.800000000003
Egypt,Imports,2006-01-01,2,"Quarterly,Yearly",7128.6,30441.0,18784.8,16484.35612573327,23312.4
Egypt,Imports,2007-01-01,2,"Quarterly,Yearly",9211.1,38308.1,23759.6,20574.68601218497,29097.0
Egypt,Imports,2008-01-01,2,"Quarterly,Yearly",13255.6,52771.2,33013.4,27941.748722655135,39515.6
Egypt,Imports,2009-01-01,2,"Quarterly,Yearly",10523.6,50342.2,30432.899999999998,28156.002077354657,39818.6
Egypt,Imports,2010-01-01,2,"Quarterly,Yearly",12058.2,48993.1,30525.65,26116.918252447012,36934.899999999994
Egypt,Imports,2011-01-01,2,"Quarterly,Yearly",12434.4,54095.5,33264.95,29458.84632169087,41661.1
Egypt,Imports,2012-01-01,2,"Quarterly,Yearly",14526.3,59210.9,36868.6,31596.783674608403,44684.600000000006
Egypt,Imports,2013-01-01,2,"Quarterly,Yearly",13530.3,57682.8,35606.55,31220.532156339043,44152.5
Egypt,Imports,2014-01-01,2,"Quarterly,Yearly",15535.9,60181.9,37858.9,31569.4893528546,44646.0
Egypt,Imports,2015-01-01,2,"Quarterly,Yearly",13911.3,61305.5,37608.4,33512.760208911466,47394.2
Egypt,Imports,2016-01-01,2,"Quarterly,Yearly",14245.8,57387.7,35816.75,30505.930043271914,43141.899999999994
Egypt,Imports,2017-01-01,2,"Quarterly,Yearly",14555.3,59003.0,36779.15,31429.27007814531,44447.7
Egypt,Imports,2018-01-01,2,"Quarterly,Yearly",16011.4,63103.0,39557.2,33298.78969692442,47091.6
Egypt,Imports,2019-01-01,2,"Quarterly,Yearly",17133.5,66529.4,41831.45,34928.17585281258,49395.899999999994
Egypt,Imports,2020-01-01,2,"Quarterly,Yearly",16057.1,62841.1,39449.1,33081.28365103144,46784.0
Egypt,Imports,2021-01-01,2,"Quarterly,Yearly",19020.8,70736.1,44878.450000000004,36568.23932109666,51715.3
Egypt,Imports,2022-01-01,2,"Quarterly,Yearly",23605.0,87302.4,55453.7,45040.86348395199,63697.399999999994
Egypt,Imports,2023-01-01,2,"Quarterly,Yearly",17551.4,70783.6,44167.5,37640.84959747853,53232.200000000004
Egypt,Imports,2024-01-01,2,"Quarterly,Yearly",17813.8,72134.7,44974.25,38410.67675015633,54320.899999999994
Egypt,Nominal GDP,2002-01-01,2,"Quarterly,Yearly",93.2,378.9,236.04999999999998,202.0204073849966,285.7
Egypt,Nominal GDP,2003-01-01,2,"Quarterly,Yearly",102.5,417.5,260.0,222.73863607376248,315.0
Egypt,Nominal GDP,2004-01-01,2,"Quarterly,Yearly",122.2,485.3,303.75,256.7504722488354,363.1
Egypt,Nominal GDP,2005-01-01,2,"Quarterly,Yearly",133.5,538.5,336.0,286.37824638055173,405.0
Egypt,Nominal GDP,2006-01-01,2,"Quarterly,Yearly",153.3,617.7,385.5,328.38038918303266,464.40000000000003
Egypt,Nominal GDP,2007-01-01,2,"Quarterly,Yearly",183.4,744.8,464.09999999999997,396.9697469581277,561.4
Egypt,Nominal GDP,2008-01-01,2,"Quarterly,Yearly",223.5,895.5,559.5,475.1757569573599,672.0
Egypt,Nominal GDP,2009-01-01,2,"Quarterly,Yearly",251.7,1042.2,646.95,558.9679105279658,790.5
Egypt,Nominal GDP,2010-01-01,2,"Quarterly,Yearly",292.4,1206.6,749.5,646.4370193607417,914.1999999999999
Egypt,Nominal GDP,2011-01-01,2,"Quarterly,Yearly",316.2,1371.1,843.65,745.926943473689,1054.8999999999999
Egypt,Nominal GDP,2012-01-01,2,"Quarterly,Yearly",402.8,1674.7,1038.75,899.3691149911699,1271.9
Egypt,Nominal GDP,2013-01-01,2,"Quarterly,Yearly",448.4,1860.4,1154.4,998.4347750354052,1412.0
Egypt,Nominal GDP,2014-01-01,2,"Quarterly,Yearly",513.2,2130.0,1321.6,1143.2502438224099,1616.8
Egypt,Nominal GDP,2015-01-01,2,"Quarterly,Yearly",587.6,2443.9,1515.75,1312.6023179165882,1856.3000000000002
Egypt,Nominal GDP,2016-01-01,2,"Quarterly,Yearly",647.6,2709.4,1678.5,1457.912761450424,2061.8
Egypt,Nominal GDP,2017-01-01,2,"Quarterly,Yearly",924.1,3655.9,2290.0,1931.6743048454107,2731.8
Egypt,Nominal GDP,2018-01-01,2,"Quarterly,Yearly",1107.4,4666.2,2886.8,2516.4516128866853,3558.7999999999997
Egypt,Nominal GDP,2019-01-01,2,"Quarterly,Yearly",1336.0,5596.0,3466.0,3012.2748878546927,4260.0
Egypt,Nominal GDP,2020-01-01,2,"Quarterly,Yearly",1494.7,6152.6,3823.65,3293.6326760888196,4657.900000000001
Egypt,Nominal GDP,2021-01-01,2,"Quarterly,Yearly",1619.0,6663.1,4141.05,3566.7173149830646,5044.1
Egypt,Nominal GDP,2022-01-01,2,"Quarterly,Yearly",1877.4,7842.5,4859.95,4217.962660455874,5965.1
Egypt,Nominal GDP,2023-01-01,2,"Quarterly,Yearly",2586.9,10155.4,6371.15,5351.737673410385,7568.5
Egypt,Real GDP,2002-01-01,2,"Quarterly,Yearly",822.9,3289.71,2056.305,1744.2980788987875,2466.81
Egypt,Real GDP,2003-01-01,2,"Quarterly,Yearly",846.7,3394.73,2120.715,1801.7292916667586,2548.0299999999997
Egypt,Real GDP,2004-01-01,2,"Quarterly,Yearly",879.4,3533.57,2206.485,1876.781605421899,2654.17
Egypt,Real GDP,2005-01-01,2,"Quarterly,Yearly",920.1,3691.99,2306.045,1960.0222157031794,2771.89
Egypt,Real GDP,2006-01-01,2,"Quarterly,Yearly",982.7,3945.32,2464.01,2094.8886920788896,2962.62
Egypt,Real GDP,2007-01-01,2,"Quarterly,Yearly",1055.1,4225.22,2640.16,2241.613349175098,3170.1200000000003
Egypt,Real GDP,2008-01-01,2,"Quarterly,Yearly",1132.8,4527.8,2830.3,2400.627522128329,3395.0
Egypt,Real GDP,2009-01-01,2,"Quarterly,Yearly",1181.7,4739.07,2960.3849999999998,2515.4404501895883,3557.37
Egypt,Real GDP,2010-01-01,2,"Quarterly,Yearly",1247.9,4983.15,3115.5249999999996,2641.220604427051,3735.2499999999995
Egypt,Real GDP,2011-01-01,2,"Quarterly,Yearly",1193.9,5070.09,3131.995,2740.8802341674836,3876.19
Egypt,Real GDP,2012-01-01,2,"Quarterly,Yearly",1256.0,5183.44,3219.72,2777.119456703294,3927.4399999999996
Egypt,Real GDP,2013-01-01,2,"Quarterly,Yearly",1280.6,5296.37,3288.4849999999997,2839.578198685502,4015.77
Egypt,Real GDP,2014-01-01,2,"Quarterly,Yearly",1324.9,5451.64,3388.2700000000004,2918.0458381937733,4126.74
Egypt,Real GDP,2015-01-01,2,"Quarterly,Yearly",1368.2,5689.25,3528.725,3055.4437568461312,4321.05
Egypt,Real GDP,2016-01-01,2,"Quarterly,Yearly",1419.0,5936.11,3677.555,3194.0791123655654,4517.11
Egypt,Real GDP,2017-01-01,2,"Quarterly,Yearly",1481.7,6184.85,3833.275,3325.629257937511,4703.150000000001
Egypt,Real GDP,2018-01-01,2,"Quarterly,Yearly",1561.7,6514.41,4038.055,3502.0948262504253,4952.71
Egypt,Real GDP,2019-01-01,2,"Quarterly,Yearly",1649.6,6875.82,4262.71,3695.4956019727583,5226.219999999999
Egypt,Real GDP,2020-01-01,2,"Quarterly,Yearly",1732.5,7121.63,4427.0650000000005,3810.6903676958595,5389.13
Egypt,Real GDP,2021-01-01,2,"Quarterly,Yearly",1781.8,7353.18,4567.49,3939.560578567107,5571.38
Egypt,Real GDP,2022-01-01,2,"Quarterly,Yearly",1877.4,7842.5,4859.95,4217.962660455874,5965.1
Egypt,Real GDP,2023-01-01,2,"Quarterly,Yearly",1949.7,8137.3,5043.5,4375.293919269881,6187.6
Egypt,Real GDP,2024-01-01,2,"Quarterly,Yearly",1992.94,8332.63,5162.785,4482.837789620543,6339.689999999999
Egypt,Revenue,2007-01-01,2,Yearly,122842.0,205654.0,164248.0,58556.92676362037,82812.0
Egypt,Revenue,2008-01-01,2,Yearly,151684.0,248835.0,200259.5,68696.13089905427,97151.0
Egypt,Revenue,2009-01-01,2,Yearly,192768.0,288545.0,240656.5,67724.56618170397,95777.0
Egypt,Revenue,2010-01-01,2,Yearly,175181.0,303361.0,239271.0,90636.94721249166,128180.0
Egypt,Revenue,2011-01-01,2,Yearly,168125.0,302010.0,235067.5,94670.99139916092,133885.0
Egypt,Revenue,2012-01-01,2,Yearly,230093.0,348865.0,289479.0,83984.48661508862,118772.0
Egypt,Revenue,2013-01-01,2,Yearly,244633.0,403637.0,324135.0,112432.8066357858,159004.0
Egypt,Revenue,2014-01-01,2,Yearly,323578.0,519449.0,421513.5,138501.71233779026,195871.0
Egypt,Revenue,2015-01-01,2,Yearly,328105.0,538378.0,433241.5,148685.4642004389,210273.0
Egypt,Revenue,2016-01-01,2,Yearly,331741.0,331741.0,331741.0,,0.0
Egypt,Revenue,2017-01-01,2,Yearly,420839.0,755110.0,587974.5,236365.29085400843,334271.0
Egypt,Revenue,2018-01-01,2,Yearly,567975.0,915974.0,741974.5,246072.45274613737,347999.0
Egypt,Revenue,2019-01-01,2,Yearly,684712.0,1080152.0,882432.0,279618.30555240833,395440.0
Egypt,Revenue,2020-01-01,2,Yearly,728068.0,1121422.0,924745.0,278143.2808068532,393354.0
Egypt,Revenue,2021-01-01,2,Yearly,865338.0,1266027.0,1065682.5,283329.90904685657,400689.0
Egypt,Revenue,2022-01-01,2,Yearly,910176.0,1483977.0,1197076.5,405738.57815162215,573801.0
Egypt,Revenue,2023-01-01,2,Yearly,1047279.0,1723717.0,1385498.0,478313.8968522658,676438.0
Egypt,Tax Revenue,2007-01-01,2,Yearly,64285.0,114326.0,89305.5,35384.330437356024,50041.0
Egypt,Tax Revenue,2008-01-01,2,Yearly,87676.0,137195.0,112435.5,35015.220697576646,49519.0
Egypt,Tax Revenue,2009-01-01,2,Yearly,109082.0,163222.0,136152.0,38282.761133439686,54140.0
Egypt,Tax Revenue,2010-01-01,2,Yearly,105904.0,170494.0,138199.0,45672.02699683911,64590.0
Egypt,Tax Revenue,2011-01-01,2,Yearly,109369.0,192072.0,150720.5,58479.85212447104,82703.0
Egypt,Tax Revenue,2012-01-01,2,Yearly,132290.0,207410.0,169850.0,53117.86140273345,75120.0
Egypt,Tax Revenue,2013-01-01,2,Yearly,156014.0,251118.0,203566.0,67248.68331796542,95104.0
Egypt,Tax Revenue,2014-01-01,2,Yearly,168959.0,260289.0,214624.0,64580.06232576739,91330.0
Egypt,Tax Revenue,2015-01-01,2,Yearly,204903.0,305957.0,255430.0,71455.96866602538,101054.0
Egypt,Tax Revenue,2016-01-01,2,Yearly,212439.0,352315.0,282377.0,98907.26812524952,139876.0
Egypt,Tax Revenue,2017-01-01,2,Yearly,268956.0,462007.0,365481.5,136507.6712148442,193051.0
Egypt,Tax Revenue,2018-01-01,2,Yearly,403216.0,628083.0,515649.5,159004.98056507538,224867.0
Egypt,Tax Revenue,2019-01-01,2,Yearly,468410.0,736121.0,602265.5,189300.26349823183,267711.0
Egypt,Tax Revenue,2020-01-01,2,Yearly,474553.0,739633.0,607093.0,187439.86555693002,265080.0
Egypt,Tax Revenue,2021-01-01,2,Yearly,538599.0,833993.0,686296.0,208875.10052181903,295394.0
Egypt,Tax Revenue,2022-01-01,2,Yearly,607678.0,990138.0,798908.0,270440.059532607,382460.0
Egypt,Tax Revenue,2023-01-01,2,Yearly,740722.0,1258582.0,999652.0,366182.3177052655,517860.0
Egypt,Unemployment Rate,2021-01-01,2,Yearly,7.4,7.4,7.4,0.0,0.0
Egypt,Unemployment Rate,2022-01-01,2,Yearly,7.2,7.2,7.2,0.0,0.0
Egypt,Unemployment Rate,2023-01-01,2,Yearly,7.0,7.1,7.05,0.0707106781186545,0.09999999999999964
Egypt,Unemployment Rate,2024-01-01,2,Yearly,6.6,6.7,6.65,0.07071067811865482,0.10000000000000053
Kenya,Exports,2015-01-01,2,"Monthly,Quarterly",41163.0,131515.9,86339.45,63889.148289870005,90352.9
Kenya,Exports,2015-04-01,2,"Monthly,Quarterly",39880.9,133376.1,86628.5,66111.08992839251,93495.20000000001
Kenya,Exports,2015-07-01,2,"Monthly,Quarterly",59404.3,164419.9,111912.1,74257.242890374,105015.59999999999
Kenya,Exports,2015-10-01,2,"Monthly,Quarterly",52178.8,151733.4,101956.1,70395.73275831425,99554.59999999999
Kenya,Exports,2016-01-01,2,"Monthly,Quarterly",48023.5,154343.1,101183.3,75179.31013304126,106319.6
Kenya,Exports,2016-04-01,2,"Monthly,Quarterly",46299.0,144672.2,95485.6,69560.35680702048,98373.20000000001
Kenya,Exports,2016-07-01,2,"Monthly,Quarterly",47977.6,141281.8,94629.7,65976.03253318586,93304.19999999998
Kenya,Exports,2016-10-01,2,"Monthly,Quarterly",42049.8,138382.6,90216.20000000001,68117.57613068743,96332.8
Kenya,Exports,2017-01-01,2,"Monthly,Quarterly",48834.0,150849.5,99841.75,72135.85183613624,102015.5
Kenya,Exports,2017-04-01,2,"Monthly,Quarterly",44812.0,149045.6,96928.8,73704.28538748612,104233.6
Kenya,Exports,2017-07-01,2,"Monthly,Quarterly",52921.3,144963.9,98942.6,65083.94661804091,92042.59999999999
Kenya,Exports,2017-10-01,2,"Monthly,Quarterly",49085.4,149269.4,99177.4,70840.78576639308,100184.0
Kenya,Exports,2018-01-01,2,"Monthly,Quarterly",53448.1,162515.1,107981.6,77122.01530367318,109067.0
Kenya,Exports,2018-04-01,2,"Monthly,Quarterly",50047.7,159133.1,104590.4,77135.02606844703,109085.40000000001
Kenya,Exports,2018-07-01,2,"Monthly,Quarterly",52885.6,151646.7,102266.15000000001,69834.64352744275,98761.1
Kenya,Exports,2018-10-01,2,"Monthly,Quarterly",49959.8,143286.6,96623.20000000001,65992.01314644069,93326.8
Kenya,Exports,2019-01-01,2,"Monthly,Quarterly",53290.3,157749.4,105519.85,73863.73796664368,104459.09999999999
Kenya,Exports,2019-04-01,2,"Monthly,Quarterly",48812.5,147208.0,98010.25,69576.12528824093,98395.5
Kenya,Exports,2019-07-01,2,"Monthly,Quarterly",50224.2,147264.7,98744.45000000001,68617.99559973317,97040.50000000001
Kenya,Exports,2019-10-01,2,"Monthly,Quarterly",51093.5,146542.0,98817.75,67492.28160408419,95448.5
Kenya,Exports,2020-01-01,2,"Monthly,Quarterly",53126.2,179823.2,116474.70000000001,89588.30785599201,126697.00000000001
Kenya,Exports,2020-04-01,2,"Monthly,Quarterly",43192.7,139147.6,91170.15,67850.36047807705,95954.90000000001
Kenya,Exports,2020-07-01,2,"Monthly,Quarterly",51966.7,163697.7,107832.20000000001,79005.74776875415,111731.00000000001
Kenya,Exports,2020-10-01,2,"Monthly,Quarterly",53110.8,162040.7,107575.75,77025.07096397251,108929.90000000001
Kenya,Exports,2021-01-01,2,"Monthly,Quarterly",54313.6,192122.3,123217.95,97445.46627650257,137808.69999999998
Kenya,Exports,2021-04-01,2,"Monthly,Quarterly",58794.3,179385.1,119089.70000000001,85270.57242871072,120590.8
Kenya,Exports,2021-07-01,2,"Monthly,Quarterly",59246.7,175698.3,117472.5,82343.71604002334,116451.59999999999
Kenya,Exports,2021-10-01,2,"Monthly,Quarterly",65399.9,196465.5,130932.7,92677.37454028355,131065.6
Kenya,Exports,2022-01-01,2,"Monthly,Quarterly",59550.8,207821.1,133685.95,104842.93457856374,148270.3
Kenya,Exports,2022-04-01,2,"Monthly,Quarterly",68364.0,227449.9,147906.95,112490.71868116497,159085.9
Kenya,Exports,2022-07-01,2,"Monthly,Quarterly",75477.1,225237.6,150357.35,105896.66510388795,149760.5
Kenya,Exports,2022-10-01,2,"Monthly,Quarterly",67570.6,212636.0,140103.3,102576.728055539,145065.4
Kenya,Exports,2023-01-01,2,"Monthly,Quarterly",72919.3,232723.7,152821.5,112998.77490344753,159804.40000000002
Kenya,Exports,2023-04-01,2,"Monthly,Quarterly",70678.4,248748.4,159713.4,125914.50452588852,178070.0
Kenya,Exports,2023-07-01,2,"Monthly,Quarterly",82532.5,267733.2,175132.85,130956.67085049544,185200.7
Kenya,Exports,2023-10-01,2,"Monthly,Quarterly",84157.3,258714.0,171435.65,123430.2262715458,174556.7
Kenya,Exports,2024-01-01,2,"Monthly,Quarterly",91675.6,297879.1,194777.34999999998,145807.89315440023,206203.49999999997
Kenya,Exports,2024-04-01,2,"Monthly,Quarterly",92923.1,275741.1,184332.09999999998,129271.84752296224,182817.99999999997
Kenya,Exports,2024-07-01,2,"Monthly,Quarterly",97065.3,282414.3,189739.8,131061.53478614539,185349.0
Kenya,GDP Growth Rate,2012-01-01,2,"Quarterly,Yearly",4.6,4.7,4.65,0.07071067811865482,0.10000000000000053
Kenya,GDP Growth Rate,2013-01-01,2,"Quarterly,Yearly",3.8,5.8,4.8,1.4142135623730951,2.0
Kenya,GDP Growth Rate,2014-01-01,2,"Quarterly,Yearly",4.7,5.0,4.85,0.2121320343559638,0.2999999999999998
Kenya,GDP Growth Rate,2015-01-01,2,"Quarterly,Yearly",5.0,5.7,5.35,0.49497474683058373,0.7000000000000002
Kenya,GDP Growth Rate,2016-01-01,2,"Quarterly,Yearly",4.2,5.0,4.6,0.5656854249492382,0.7999999999999998
Kenya,GDP Growth Rate,2017-01-01,2,"Quarterly,Yearly",3.8,5.2,4.5,0.9899494936611668,1.4000000000000004
Kenya,GDP Growth Rate,2018-01-01,2,"Quarterly,Yearly",5.6,6.3,5.949999999999999,0.49497474683058373,0.7000000000000002
Kenya,GDP Growth Rate,2019-01-01,2,"Quarterly,Yearly",4.8,5.1,4.949999999999999,0.2121320343559638,0.2999999999999998
Kenya,GDP Growth Rate,2020-01-01,2,"Quarterly,Yearly",-0.3,4.6,2.15,3.4648232278140823,4.8999999999999995
Kenya,GDP Growth Rate,2021-01-01,2,"Quarterly,Yearly",2.4,7.6,5.0,3.676955262170047,5.199999999999999
Kenya,GDP Growth Rate,2022-01-01,2,"Quarterly,Yearly",4.9,5.9,5.4,0.7071067811865476,1.0
Kenya,GDP Growth Rate,2023-01-01,2,"Quarterly,Yearly",5.5,5.6,5.55,0.0707106781186545,0.09999999999999964
Kenya,Imports,2015-01-01,2,"Monthly,Quarterly",127648.5,352866.8,240257.65,159253.3871773062,225218.3
Kenya,Imports,2015-04-01,2,"Monthly,Quarterly",129736.7,401941.9,265839.3,192478.14279424044,272205.2
Kenya,Imports,2015-07-01,2,"Monthly,Quarterly",144153.0,408591.9,276372.45,186986.53939951133,264438.9
Kenya,Imports,2015-10-01,2,"Monthly,Quarterly",126642.7,414156.2,270399.45,203302.74553267844,287513.5
Kenya,Imports,2016-01-01,2,"Monthly,Quarterly",106483.2,321466.6,213974.9,152016.21998254003,214983.39999999997
Kenya,Imports,2016-04-01,2,"Monthly,Quarterly",124810.3,368383.8,246597.05,172232.47356734154,243573.5
Kenya,Imports,2016-07-01,2,"Monthly,Quarterly",117320.9,374750.2,246035.55,182030.00370610613,257429.30000000002
Kenya,Imports,2016-10-01,2,"Monthly,Quarterly",115177.4,367524.6,241351.0,178436.41633343793,252347.19999999998
Kenya,Imports,2017-01-01,2,"Monthly,Quarterly",22703.9,150734.1,86719.0,90531.02261666991,128030.20000000001
Kenya,Imports,2017-04-01,2,"Monthly,Quarterly",129061.4,423497.1,276279.25,208197.4800934079,294435.69999999995
Kenya,Imports,2017-07-01,2,"Monthly,Quarterly",165573.5,451651.2,308612.35,202287.48161625082,286077.7
Kenya,Imports,2017-10-01,2,"Monthly,Quarterly",147856.6,427770.3,287813.45,197928.8754170169,279913.69999999995
Kenya,Imports,2018-01-01,2,"Monthly,Quarterly",157516.9,439588.3,298552.6,199454.59971878314,282071.4
Kenya,Imports,2018-04-01,2,"Monthly,Quarterly",150002.1,461056.3,305529.2,219948.5341365566,311054.19999999995
Kenya,Imports,2018-07-01,2,"Monthly,Quarterly",152647.9,432364.6,292506.25,197789.5753811231,279716.69999999995
Kenya,Imports,2018-10-01,2,"Monthly,Quarterly",149246.2,430047.7,289646.95,198556.64481735433,280801.5
Kenya,Imports,2019-01-01,2,"Monthly,Quarterly",155919.7,424498.4,290209.05000000005,189913.82005226737,268578.7
Kenya,Imports,2019-04-01,2,"Monthly,Quarterly",150152.2,456978.6,303565.4,216959.02808705607,306826.39999999997
Kenya,Imports,2019-07-01,2,"Monthly,Quarterly",153590.2,448618.9,301104.55000000005,208616.79441465155,295028.7
Kenya,Imports,2019-10-01,2,"Monthly,Quarterly",159175.4,473453.1,316314.25,222227.8928457114,314277.69999999995
Kenya,Imports,2020-01-01,2,"Monthly,Quarterly",155430.9,426401.2,290916.05,191604.93663015313,270970.30000000005
Kenya,Imports,2020-04-01,2,"Monthly,Quarterly",116422.8,350835.2,233629.0,165754.59763421348,234412.40000000002
Kenya,Imports,2020-07-01,2,"Monthly,Quarterly",139763.0,420835.6,280299.3,198748.341465734,281072.6
Kenya,Imports,2020-10-01,2,"Monthly,Quarterly",145164.2,446611.4,295887.80000000005,213155.35928969743,301447.2
Kenya,Imports,2021-01-01,2,"Monthly,Quarterly",160717.2,508712.2,334714.7,246069.6243190126,347995.0
Kenya,Imports,2021-04-01,2,"Monthly,Quarterly",161689.3,484502.6,323095.94999999995,228263.47348720735,322813.3
Kenya,Imports,2021-07-01,2,"Monthly,Quarterly",177077.5,541783.0,359430.25,257885.73218603042,364705.5
Kenya,Imports,2021-10-01,2,"Monthly,Quarterly",187496.2,584361.4,385928.80000000005,280626.0741369554,396865.2
Kenya,Imports,2022-01-01,2,"Monthly,Quarterly",194180.1,592690.3,393435.2,281789.2647920073,398510.20000000007
Kenya,Imports,2022-04-01,2,"Monthly,Quarterly",195062.4,657272.3,426167.35000000003,326831.7546215561,462209.9
Kenya,Imports,2022-07-01,2,"Monthly,Quarterly",212897.3,659052.3,435974.80000000005,315479.2259602841,446155.00000000006
Kenya,Imports,2022-10-01,2,"Monthly,Quarterly",188144.6,581759.9,384952.25,278328.0478087773,393615.30000000005
Kenya,Imports,2023-01-01,2,"Monthly,Quarterly",194552.1,589750.1,392151.1,279447.18571136124,395198.0
Kenya,Imports,2023-04-01,2,"Monthly,Quarterly",208293.5,651752.9,430023.2,313573.14892091765,443459.4
Kenya,Imports,2023-07-01,2,"Monthly,Quarterly",191670.8,647734.8,419702.80000000005,322485.94705506164,456064.00000000006
Kenya,Imports,2023-10-01,2,"Monthly,Quarterly",239702.0,722739.2,481220.6,341558.87968536257,483037.19999999995
Kenya,Imports,2024-01-01,2,"Monthly,Quarterly",244404.6,683964.2,464184.39999999997,310815.5738956463,439559.6
Kenya,Imports,2024-04-01,2,"Monthly,Quarterly",235043.6,659502.4,447273.0,300137.6958143046,424458.80000000005
Kenya,Imports,2024-07-01,2,"Monthly,Quarterly",226054.5,675808.1,450931.3,318023.820423062,449753.6
Kenya,Nominal GDP,2009-01-01,2,"Quarterly,Yearly",700391.0,3275642.0,1988016.5,1820977.4453574377,2575251.0
Kenya,Nominal GDP,2010-01-01,2,"Quarterly,Yearly",801602.0,3597630.0,2199616.0,1977090.35918746,2796028.0
Kenya,Nominal GDP,2011-01-01,2,"Quarterly,Yearly",922013.0,4162514.0,2542263.5,2291380.2315417887,3240501.0
Kenya,Nominal GDP,2012-01-01,2,"Quarterly,Yearly",1078518.0,4767191.0,2922854.5,2608285.691879726,3688673.0
Kenya,Nominal GDP,2013-01-01,2,"Quarterly,Yearly",1202840.0,5311322.0,3257081.0,2905135.482582869,4108482.0
Kenya,Nominal GDP,2014-01-01,2,"Quarterly,Yearly",1361990.0,6003835.0,3682912.5,3282280.0767168696,4641845.0
Kenya,Nominal GDP,2015-01-01,2,"Quarterly,Yearly",1570446.0,6884317.0,4227381.5,3757474.2184505407,5313871.0
Kenya,Nominal GDP,2016-01-01,2,"Quarterly,Yearly",1675988.0,7594064.0,4635026.0,4184711.6711773584,5918076.0
Kenya,Nominal GDP,2017-01-01,2,"Quarterly,Yearly",2052827.0,8483396.0,5268111.5,4547098.946787995,6430569.0
Kenya,Nominal GDP,2018-01-01,2,"Quarterly,Yearly",2243091.0,9340307.0,5791699.0,5018489.561145664,7097216.0
Kenya,Nominal GDP,2019-01-01,2,"Quarterly,Yearly",2483110.0,10237727.3,6360418.65,5483342.478336517,7754617.300000001
Kenya,Nominal GDP,2020-01-01,2,"Quarterly,Yearly",2749038.0,10715070.0,6732054.0,5632835.246349036,7966032.0
Kenya,Nominal GDP,2021-01-01,2,"Quarterly,Yearly",2914789.0,12027661.5,7471225.25,6443773.940838406,9112872.5
Kenya,Nominal GDP,2022-01-01,2,"Quarterly,Yearly",3300289.0,13489641.5,8394965.25,7204960.248650101,10189352.5
Kenya,Nominal GDP,2023-01-01,2,"Quarterly,Yearly",3759818.0,15108805.9,9434311.95,8024946.303694075,11348987.9
Kenya,Real GDP,2009-01-01,2,"Quarterly,Yearly",1335552.0,5361462.0,3348507.0,2846748.2614467335,4025910.0
Kenya,Real GDP,2010-01-01,2,"Quarterly,Yearly",1434652.0,5793514.0,3614083.0,3082180.878456357,4358862.0
Kenya,Real GDP,2011-01-01,2,"Quarterly,Yearly",1518671.0,6090206.0,3804438.5,3232563.3989316435,4571535.0
Kenya,Real GDP,2012-01-01,2,"Quarterly,Yearly",1578240.0,6368448.0,3973344.0,3387188.5600940497,4790208.0
Kenya,Real GDP,2013-01-01,2,"Quarterly,Yearly",1634472.0,6610312.0,4122392.0,3518450.206099271,4975840.0
Kenya,Real GDP,2014-01-01,2,"Quarterly,Yearly",1713837.0,6942157.0,4327997.0,3696980.52621325,5228320.0
Kenya,Real GDP,2015-01-01,2,"Quarterly,Yearly",1796031.0,7287024.0,4541527.5,3882718.3857478644,5490993.0
Kenya,Real GDP,2016-01-01,2,"Quarterly,Yearly",1865055.0,7594064.0,4729559.5,4051021.1133787613,5729009.0
Kenya,Real GDP,2017-01-01,2,"Quarterly,Yearly",1965433.0,7885521.0,4925477.0,4186134.3700211057,5920088.0
Kenya,Real GDP,2018-01-01,2,"Quarterly,Yearly",2067442.0,8330891.0,5199166.5,4428927.2615161,6263449.0
Kenya,Real GDP,2019-01-01,2,"Quarterly,Yearly",2167476.0,8756945.6,5462210.8,4659458.638582607,6589469.6
Kenya,Real GDP,2020-01-01,2,"Quarterly,Yearly",2266843.0,8733060.3,5499951.65,4572306.101455769,6466217.300000001
Kenya,Real GDP,2021-01-01,2,"Quarterly,Yearly",2320156.0,9395942.1,5858049.05,5003336.333535514,7075786.1
Kenya,Real GDP,2022-01-01,2,"Quarterly,Yearly",2458406.0,9852582.9,6155494.45,5228472.627282925,7394176.9
Kenya,Real GDP,2023-01-01,2,"Quarterly,Yearly",2591391.0,10399980.2,6495685.6,5521506.374820038,7808589.199999999
Nigeria,Budget Deficit/Surplus,2010-01-01,3,"Monthly,Quarterly,Yearly",-607540.41,25009.2,-229975.90333333335,333615.0998815177,632549.61
Nigeria,Budget Deficit/Surplus,2010-04-01,2,"Monthly,Quarterly",2510.8,87412.2,44961.5,60034.35567223154,84901.4
Nigeria,Budget Deficit/Surplus,2010-07-01,2,"Monthly,Quarterly",-96541.1,150675.5,27067.199999999997,174808.53428188225,247216.6
Nigeria,Budget Deficit/Surplus,2010-10-01,2,"Monthly,Quarterly",-653330.21,-384737.3,-519033.755,189923.868039628,268592.91
Nigeria,Budget Deficit/Surplus,2011-01-01,3,"Monthly,Quarterly,Yearly",-816986.7,-57621.3,-360796.5999999999,402143.13303047954,759365.3999999999
Nigeria,Budget Deficit/Surplus,2011-04-01,2,"Monthly,Quarterly",-343044.6,-50768.4,-196906.5,206670.4829994356,292276.19999999995
Nigeria,Budget Deficit/Surplus,2011-07-01,2,"Monthly,Quarterly",-161130.7,307833.4,73351.35,331607.6952430462,468964.10000000003
Nigeria,Budget Deficit/Surplus,2011-10-01,2,"Monthly,Quarterly",-105029.6,295923.7,95447.05,283516.79736912414,400953.30000000005
Nigeria,Budget Deficit/Surplus,2012-01-01,3,"Monthly,Quarterly,Yearly",-949230.0,106913.0,-309620.6666666667,562300.2524508889,1056143.0
Nigeria,Budget Deficit/Surplus,2012-04-01,2,"Monthly,Quarterly",-194710.0,-71683.0,-133196.5,86993.22596903738,123027.0
Nigeria,Budget Deficit/Surplus,2012-07-01,2,"Monthly,Quarterly",-460659.0,-189952.0,-325305.5,191418.75541466672,270707.0
Nigeria,Budget Deficit/Surplus,2012-10-01,2,"Monthly,Quarterly",-207316.0,-134218.0,-170767.0,51688.09149117425,73098.0
Nigeria,Budget Deficit/Surplus,2013-01-01,3,"Monthly,Quarterly,Yearly",-1153490.2,147158.0,-371740.73333333334,689013.2916360999,1300648.2
Nigeria,Budget Deficit/Surplus,2013-04-01,2,"Monthly,Quarterly",-304501.0,-183218.0,-243859.5,85760.03174264805,121283.0
Nigeria,Budget Deficit/Surplus,2013-07-01,2,"Monthly,Quarterly",-118544.7,-25793.7,-72169.2,65584.86106183346,92751.0
Nigeria,Budget Deficit/Surplus,2013-10-01,2,"Monthly,Quarterly",-621554.5,-197849.0,-409701.75,299605.0322760367,423705.5
Nigeria,Budget Deficit/Surplus,2014-01-01,3,"Monthly,Quarterly,Yearly",-835644.0,-101543.0,-379963.0,397859.4803960313,734101.0
Nigeria,Budget Deficit/Surplus,2014-04-01,2,"Monthly,Quarterly",-68107.0,-44960.0,-56533.5,16367.400664125016,23147.0
Nigeria,Budget Deficit/Surplus,2014-07-01,2,"Monthly,Quarterly",-263779.0,-135523.0,-199651.0,90690.68732786184,128256.0
Nigeria,Budget Deficit/Surplus,2014-10-01,2,"Monthly,Quarterly",-324203.0,-78340.0,-201271.5,173851.39454286813,245863.0
Nigeria,Budget Deficit/Surplus,2015-01-01,3,"Monthly,Quarterly,Yearly",-1557800.0,-107769.0,-618695.3333333334,814340.2170421975,1450031.0
Nigeria,Budget Deficit/Surplus,2015-04-01,2,"Monthly,Quarterly",-485948.0,-41094.0,-263521.0,314559.2800379604,444854.0
Nigeria,Budget Deficit/Surplus,2015-07-01,2,"Monthly,Quarterly",-145509.0,-15900.0,-80704.5,91647.40280280724,129609.0
Nigeria,Budget Deficit/Surplus,2015-10-01,2,"Monthly,Quarterly",-735826.0,35253.0,-350286.5,545235.1897305419,771079.0
Nigeria,Budget Deficit/Surplus,2016-01-01,3,"Monthly,Quarterly,Yearly",-2140043.35,89609.0,-855058.7833333333,1153125.767307665,2229652.35
Nigeria,Budget Deficit/Surplus,2016-04-01,2,"Monthly,Quarterly",-711336.0,-363302.0,-537319.0,246097.2014834789,348034.0
Nigeria,Budget Deficit/Surplus,2016-07-01,2,"Monthly,Quarterly",-351249.64,-161729.0,-256489.32,134011.32971881446,189520.64
Nigeria,Budget Deficit/Surplus,2016-10-01,2,"Monthly,Quarterly",-562715.71,-127214.11,-344964.91,307946.1345775913,435501.6
Nigeria,Budget Deficit/Surplus,2017-01-01,3,"Monthly,Quarterly,Yearly",-5101243.34,234069.0,-2177756.356666667,2704207.398941777,5335312.34
Nigeria,Budget Deficit/Surplus,2017-04-01,2,"Monthly,Quarterly",-802509.83,-266860.55,-534685.19,378761.2382256918,535649.28
Nigeria,Budget Deficit/Surplus,2017-07-01,2,"Monthly,Quarterly",-1031913.0,-386069.0,-708991.0,456680.6719886446,645844.0
Nigeria,Budget Deficit/Surplus,2017-10-01,2,"Monthly,Quarterly",-1600725.78,-316689.75,-958707.765,907950.5841008532,1284036.03
Nigeria,Budget Deficit/Surplus,2018-01-01,3,"Monthly,Quarterly,Yearly",-3584739.0,-422270.0,-1778781.6666666667,1628435.9365521057,3162469.0
Nigeria,Budget Deficit/Surplus,2018-04-01,2,"Monthly,Quarterly",-530723.0,-245943.0,-388333.0,201369.869146305,284780.0
Nigeria,Budget Deficit/Surplus,2018-07-01,2,"Monthly,Quarterly",-893506.0,-209969.0,-551737.5,483333.6478919091,683537.0
Nigeria,Budget Deficit/Surplus,2018-10-01,2,"Monthly,Quarterly",-831174.0,-314591.0,-572882.5,365279.3423456903,516583.0
Nigeria,Budget Deficit/Surplus,2019-01-01,3,"Monthly,Quarterly,Yearly",-4915356.0,-491770.0,-2252147.6666666665,2345923.205127212,4423586.0
Nigeria,Budget Deficit/Surplus,2019-04-01,2,"Monthly,Quarterly",-1417643.0,-690536.0,-1054089.5,514142.290348207,727107.0
Nigeria,Budget Deficit/Surplus,2019-07-01,2,"Monthly,Quarterly",-905995.0,-112378.0,-509186.5,561171.9623649243,793617.0
Nigeria,Budget Deficit/Surplus,2019-10-01,2,"Monthly,Quarterly",-1242401.0,-323838.0,-783119.5,649522.1262470586,918563.0
Nigeria,Budget Deficit/Surplus,2020-01-01,3,"Monthly,Quarterly,Yearly",-6171796.0,-495106.0,-2696022.3333333335,3045512.8064564653,5676690.0
Nigeria,Budget Deficit/Surplus,2020-04-01,2,"Monthly,Quarterly",-1284791.0,-528919.0,-906855.0,534482.216909038,755872.0
Nigeria,Budget Deficit/Surplus,2020-07-01,2,"Monthly,Quarterly",-1709962.0,-598896.0,-1154429.0,785642.3029458126,1111066.0
Nigeria,Budget Deficit/Surplus,2020-10-01,2,"Monthly,Quarterly",-1755878.0,-716271.0,-1236074.5,735113.1594690031,1039607.0
Nigeria,Budget Deficit/Surplus,2021-01-01,3,"Monthly,Quarterly,Yearly",-6910166.0,-541980.0,-3145517.0,3339099.285744136,6368186.0
Nigeria,Budget Deficit/Surplus,2021-04-01,2,"Monthly,Quarterly",-1446318.0,-545201.0,-995759.5,637185.9413424782,901117.0
Nigeria,Budget Deficit/Surplus,2021-07-01,2,"Monthly,Quarterly",-1853620.0,-625385.0,-1239502.5,868493.2973906592,1228235.0
Nigeria,Budget Deficit/Surplus,2021-10-01,2,"Monthly,Quarterly",-1625823.0,-610961.0,-1118392.0,717615.8021685419,1014862.0
Nigeria,Budget Deficit/Surplus,2022-01-01,3,"Monthly,Quarterly,Yearly",-9330372.0,-1681483.0,-4814442.333333333,4007596.6539486395,7648889.0
Nigeria,Budget Deficit/Surplus,2022-04-01,2,"Monthly,Quarterly",-2241379.0,-831684.0,-1536531.5,996804.8939047701,1409695.0
Nigeria,Budget Deficit/Surplus,2022-07-01,2,"Monthly,Quarterly",-1803197.0,-554210.0,-1178703.5,883167.1773138425,1248987.0
Nigeria,Budget Deficit/Surplus,2022-10-01,2,"Monthly,Quarterly",-1854324.0,-595916.0,-1225120.0,889828.8302994008,1258408.0
Nigeria,Budget Deficit/Surplus,2023-01-01,3,"Monthly,Quarterly,Yearly",-13501819.0,-980809.0,-6148241.666666667,6540515.5937985,12521010.0
Nigeria,Budget Deficit/Surplus,2023-04-01,2,"Monthly,Quarterly",-2633791.0,-1086824.0,-1860307.5,1093870.85597181,1546967.0
Nigeria,Budget Deficit/Surplus,2023-07-01,2,"Monthly,Quarterly",-2655569.0,-363378.0,-1509473.5,1620823.7998747735,2292191.0
Nigeria,Budget Deficit/Surplus,2023-10-01,2,"Monthly,Quarterly",-4250362.0,-1507543.0,-2878952.5,1939465.9144673052,2742819.0
Nigeria,Budget Deficit/Surplus,2024-01-01,2,"Monthly,Quarterly",-4179885.0,-961579.0,-2570732.0,2275685.996533353,3218306.0
Nigeria,Budget Deficit/Surplus,2024-04-01,2,"Monthly,Quarterly",-4260506.0,-536794.0,-2398650.0,2633062.0063857213,3723712.0
Nigeria,Budget Deficit/Surplus,2024-07-01,2,"Monthly,Quarterly",-4448541.0,-931128.0,-2689834.5,2487186.5845337175,3517413.0
Nigeria,Capital Expenditure,2010-01-01,2,"Monthly,Yearly",621.1,883.87,752.485,185.80644889238908,262.77
Nigeria,Capital Expenditure,2011-01-01,2,"Monthly,Yearly",918.55,11684.2,6301.375,7612.4641188809555,10765.650000000001
Nigeria,Capital Expenditure,2012-01-01,2,"Monthly,Yearly",0.0,874.7,437.35,618.5063015038731,874.7
Nigeria,Capital Expenditure,2013-01-01,2,"Monthly,Yearly",0.0,1108.39,554.195,783.7500851993575,1108.39
Nigeria,Capital Expenditure,2014-01-01,2,"Monthly,Yearly",783.12,97127.0,48955.06,68125.41087382298,96343.88
Nigeria,Capital Expenditure,2015-01-01,2,"Monthly,Yearly",818.37,41975.0,21396.685,29102.1321637857,41156.63
Nigeria,Capital Expenditure,2016-01-01,2,"Monthly,Yearly",653.61,54797.0,27725.305,38285.158225427906,54143.39
Nigeria,Capital Expenditure,2017-01-01,2,"Monthly,Yearly",1242.3,69102.0,35172.15,47984.054039284754,67859.7
Nigeria,Capital Expenditure,2018-01-01,2,"Monthly,Yearly",1682.1,196655.0,99168.55,137866.6597376066,194972.9
Nigeria,Capital Expenditure,2019-01-01,2,"Monthly,Yearly",2289.0,132343.0,67316.0,91962.06532043526,130054.0
Nigeria,Capital Expenditure,2020-01-01,2,"Monthly,Yearly",331.0,1614.89,972.945,907.8473252975965,1283.89
Nigeria,Capital Expenditure,2021-01-01,2,"Monthly,Yearly",2522.47,98657.0,50589.735,67977.37806918159,96134.53
Nigeria,Capital Expenditure,2022-01-01,2,"Monthly,Yearly",3133.82,1242123.0,622628.41,876097.65099476,1238989.18
Nigeria,Capital Expenditure,2023-01-01,2,"Monthly,Yearly",4486.21,379124.0,191805.105,264908.9217977417,374637.79
Nigeria,Expenditure,2010-01-01,3,"Monthly,Quarterly,Yearly",167740.2,3996445.81,1641738.97,2060699.3207243292,3828705.61
Nigeria,Expenditure,2010-04-01,2,"Monthly,Quarterly",149708.1,942221.7,545964.9,560391.7407425629,792513.6
Nigeria,Expenditure,2010-07-01,2,"Monthly,Quarterly",279551.6,834805.2,557178.3999999999,392623.5858382428,555253.6
Nigeria,Expenditure,2010-10-01,2,"Monthly,Quarterly",611398.0,1458388.01,1034893.005,598912.3796682617,846990.01
Nigeria,Expenditure,2011-01-01,3,"Monthly,Quarterly,Yearly",239272.2,4193968.2,1725631.5666666667,2152467.1024876554,3954696.0
Nigeria,Expenditure,2011-04-01,2,"Monthly,Quarterly",257564.7,1020300.8,638932.75,539335.8685657807,762736.1000000001
Nigeria,Expenditure,2011-07-01,2,"Monthly,Quarterly",245533.6,1252879.1,749206.3500000001,712300.8340477534,1007345.5000000001
Nigeria,Expenditure,2011-10-01,2,"Monthly,Quarterly",-34360.9,1177134.0,571386.55,856656.2591629183,1211494.9
Nigeria,Expenditure,2012-01-01,3,"Monthly,Quarterly,Yearly",159175.0,4105237.6,1709817.2,2104302.77435927,3946062.6
Nigeria,Expenditure,2012-04-01,2,"Monthly,Quarterly",399897.0,971400.6,685648.8,404114.0710325241,571503.6
Nigeria,Expenditure,2012-07-01,2,"Monthly,Quarterly",433287.0,1100510.0,766898.5,471797.9078636318,667223.0
Nigeria,Expenditure,2012-10-01,2,"Monthly,Quarterly",384803.0,1168288.0,776545.5,554007.5564579422,783485.0
Nigeria,Expenditure,2013-01-01,3,"Monthly,Quarterly,Yearly",80912.0,4515685.2,1850723.7333333334,2348994.0650573415,4434773.2
Nigeria,Expenditure,2013-04-01,2,"Monthly,Quarterly",459938.0,1079066.0,769502.0,437789.6072224648,619128.0
Nigeria,Expenditure,2013-07-01,2,"Monthly,Quarterly",442869.7,1139855.7,791362.7,492843.526992087,696986.0
Nigeria,Expenditure,2013-10-01,2,"Monthly,Quarterly",425211.0,1341189.5,883200.25,647694.608771082,915978.5
Nigeria,Expenditure,2014-01-01,3,"Monthly,Quarterly,Yearly",331950.0,4123415.0,1821121.6666666667,2022294.9451448307,3791465.0
Nigeria,Expenditure,2014-04-01,2,"Monthly,Quarterly",312907.0,869808.0,591357.5,393788.4735495695,556901.0
Nigeria,Expenditure,2014-07-01,2,"Monthly,Quarterly",433790.0,1152477.0,793133.5,508188.4512506163,718687.0
Nigeria,Expenditure,2014-10-01,2,"Monthly,Quarterly",355354.0,1093130.0,724242.0,521686.4125966863,737776.0
Nigeria,Expenditure,2015-01-01,3,"Monthly,Quarterly,Yearly",372724.0,4767365.0,2100207.6666666665,2343172.4924960886,4394641.0
Nigeria,Expenditure,2015-04-01,2,"Monthly,Quarterly",217332.0,984488.0,600910.0,542461.2098279471,767156.0
Nigeria,Expenditure,2015-07-01,2,"Monthly,Quarterly",404339.0,1139529.0,771934.0,519857.8344605379,735190.0
Nigeria,Expenditure,2015-10-01,2,"Monthly,Quarterly",292004.0,1482814.0,887409.0,842029.8261047526,1190810.0
Nigeria,Expenditure,2016-01-01,3,"Monthly,Quarterly,Yearly",119333.0,5320416.0,2174063.6666666665,2767046.1670478745,5201083.0
Nigeria,Expenditure,2016-04-01,2,"Monthly,Quarterly",688942.0,1407382.0,1048162.0,508013.7958756632,718440.0
Nigeria,Expenditure,2016-07-01,2,"Monthly,Quarterly",509607.0,1344707.0,927157.0,590504.8729688858,835100.0
Nigeria,Expenditure,2016-10-01,2,"Monthly,Quarterly",340855.0,1485885.0,913370.0,809658.4776620325,1145030.0
Nigeria,Expenditure,2017-01-01,3,"Monthly,Quarterly,Yearly",466226.0,8720168.0,3996928.6666666665,4254232.881595615,8253942.0
Nigeria,Expenditure,2017-04-01,2,"Monthly,Quarterly",354907.0,1474579.0,914743.0,791727.663904704,1119672.0
Nigeria,Expenditure,2017-07-01,2,"Monthly,Quarterly",740435.0,1862845.0,1301640.0,793663.7222715928,1122410.0
Nigeria,Expenditure,2017-10-01,2,"Monthly,Quarterly",565433.0,2578352.0,1571892.5,1423348.674879244,2012919.0
Nigeria,Expenditure,2018-01-01,3,"Monthly,Quarterly,Yearly",722885.0,7538027.0,3469794.6666666665,3594573.7316302657,6815142.0
Nigeria,Expenditure,2018-04-01,2,"Monthly,Quarterly",537219.0,1576338.0,1056778.5,734768.0913597841,1039119.0
Nigeria,Expenditure,2018-07-01,2,"Monthly,Quarterly",550867.0,1868622.0,1209744.5,931793.496442479,1317755.0
Nigeria,Expenditure,2018-10-01,2,"Monthly,Quarterly",734354.0,1944595.0,1339474.5,855769.6179699885,1210241.0
Nigeria,Expenditure,2019-01-01,3,"Monthly,Quarterly,Yearly",831467.0,9454440.0,4231061.333333333,4591683.548608977,8622973.0
Nigeria,Expenditure,2019-04-01,2,"Monthly,Quarterly",835112.0,2108780.0,1471946.0,900619.2797803077,1273668.0
Nigeria,Expenditure,2019-07-01,2,"Monthly,Quarterly",743332.0,2349655.0,1546493.5,1135841.8860759186,1606323.0
Nigeria,Expenditure,2019-10-01,2,"Monthly,Quarterly",881630.0,2588728.0,1735179.0,1207100.5719499928,1707098.0
Nigeria,Expenditure,2020-01-01,3,"Monthly,Quarterly,Yearly",780804.0,9953600.0,4387068.666666667,4890504.132268711,9172796.0
Nigeria,Expenditure,2020-04-01,2,"Monthly,Quarterly",789085.0,2145445.0,1467265.0,959091.3537301857,1356360.0
Nigeria,Expenditure,2020-07-01,2,"Monthly,Quarterly",904007.0,2688059.0,1796033.0,1261515.2671894224,1784052.0
Nigeria,Expenditure,2020-10-01,2,"Monthly,Quarterly",1054995.0,2693294.0,1874144.5,1158452.3325111396,1638299.0
Nigeria,Expenditure,2021-01-01,3,"Monthly,Quarterly,Yearly",815958.0,11698615.0,5136002.0,5777533.438651221,10882657.0
Nigeria,Expenditure,2021-04-01,2,"Monthly,Quarterly",962312.0,2697974.0,1830143.0,1227298.3700478054,1735662.0
Nigeria,Expenditure,2021-07-01,2,"Monthly,Quarterly",1002146.0,3195926.0,2099036.0,1551236.7144314242,2193780.0
Nigeria,Expenditure,2021-10-01,2,"Monthly,Quarterly",1064996.0,2911282.0,1988139.0,1305521.350609786,1846286.0
Nigeria,Expenditure,2022-01-01,3,"Monthly,Quarterly,Yearly",2035773.0,14634244.0,7045117.333333333,6683698.493348898,12598471.0
Nigeria,Expenditure,2022-04-01,2,"Monthly,Quarterly",1280683.0,3398641.0,2339662.0,1497622.4640682978,2117958.0
Nigeria,Expenditure,2022-07-01,2,"Monthly,Quarterly",1158069.0,3564261.0,2361165.0,1701434.6800368212,2406192.0
Nigeria,Expenditure,2022-10-01,2,"Monthly,Quarterly",1123381.0,3206007.0,2164694.0,1472638.9672754146,2082626.0
Nigeria,Expenditure,2023-01-01,3,"Monthly,Quarterly,Yearly",1450072.0,19500079.0,8742748.666666666,9510707.489323406,18050007.0
Nigeria,Expenditure,2023-04-01,2,"Monthly,Quarterly",1499093.0,4114168.0,2806630.5,1849137.2658114107,2615075.0
Nigeria,Expenditure,2023-07-01,2,"Monthly,Quarterly",977372.0,4175213.0,2576292.5,2261215.05625637,3197841.0
Nigeria,Expenditure,2023-10-01,2,"Monthly,Quarterly",2291055.0,5932603.0,4111829.0,2574963.28481631,3641548.0
Nigeria,Expenditure,2024-01-01,2,"Monthly,Quarterly",1411236.0,5554013.0,3482624.5,2929385.709643662,4142777.0
Nigeria,Expenditure,2024-04-01,2,"Monthly,Quarterly",1530227.0,6614319.0,4072273.0,3594995.9293762767,5084092.0
Nigeria,Expenditure,2024-07-01,2,"Monthly,Quarterly",1507594.0,6799391.0,4153492.5,3741865.5433626287,5291797.0
Nigeria,Exports,2010-01-01,3,"Monthly,Quarterly,Yearly",519962.0,12011475.87,4946159.423333333,6183642.508310979,11491513.87
Nigeria,Exports,2010-04-01,2,"Monthly,Quarterly",847472.0,3603058.2,2225265.1,1948493.6881640702,2755586.2
Nigeria,Exports,2010-07-01,2,"Monthly,Quarterly",1340069.0,2953121.8,2146595.4,1140600.5732919476,1613052.7999999998
Nigeria,Exports,2010-10-01,2,"Monthly,Quarterly",1398465.0,4146685.2,2772575.1,1943285.13961385,2748220.2
Nigeria,Exports,2011-01-01,3,"Monthly,Quarterly,Yearly",883916.0,15236665.99,6446102.196666666,7701764.375703511,14352749.99
Nigeria,Exports,2011-04-01,2,"Monthly,Quarterly",1221432.0,3978184.1,2599808.05,1949318.1039602552,2756752.1
Nigeria,Exports,2011-07-01,2,"Monthly,Quarterly",1316744.0,5112250.0,3214497.0,2683828.030634228,3795506.0
Nigeria,Exports,2011-10-01,2,"Monthly,Quarterly",2604194.0,7132198.3,4868196.15,3201782.5457718465,4528004.3
Nigeria,Exports,2012-01-01,3,"Monthly,Quarterly,Yearly",1265686.0,15139326.13,7124919.676666667,7183526.284990571,13873640.13
Nigeria,Exports,2012-04-01,2,"Monthly,Quarterly",2347439.0,5675481.0,4011460.0,2353281.06627364,3328042.0
Nigeria,Exports,2012-07-01,2,"Monthly,Quarterly",1935155.0,5908151.6,3921653.3,2809332.837491097,3972996.5999999996
Nigeria,Exports,2012-10-01,2,"Monthly,Quarterly",2089950.0,5892940.8,3991445.4,2689120.583470053,3802990.8
Nigeria,Exports,2013-01-01,3,"Monthly,Quarterly,Yearly",1357780.0,15262013.61,6690642.169999999,7496524.847505699,13904233.61
Nigeria,Exports,2013-04-01,2,"Monthly,Quarterly",1321532.0,3742907.8,2532219.9,1712171.2479810012,2421375.8
Nigeria,Exports,2013-07-01,2,"Monthly,Quarterly",1129651.0,3573388.2,2351519.6,1727983.1455578264,2443737.2
Nigeria,Exports,2013-10-01,2,"Monthly,Quarterly",1085434.0,3476842.7,2281138.35,1690981.308358506,2391408.7
Nigeria,Exports,2014-01-01,3,"Monthly,Quarterly,Yearly",1422424.0,12962026.84,6117976.489999999,6062395.625250175,11539602.84
Nigeria,Exports,2014-04-01,2,"Monthly,Quarterly",1512888.0,4682155.73,3097521.865,2241010.7032786966,3169267.7300000004
Nigeria,Exports,2014-07-01,2,"Monthly,Quarterly",1290316.0,4697844.29,2994080.145,2409486.3609440005,3407528.29
Nigeria,Exports,2014-10-01,2,"Monthly,Quarterly",1031551.0,2954562.52,1993056.76,1359774.48609185,1923011.52
Nigeria,Exports,2015-01-01,3,"Monthly,Quarterly,Yearly",694013.0,8845158.81,4068077.19,4252838.809034854,8151145.8100000005
Nigeria,Exports,2015-04-01,2,"Monthly,Quarterly",840737.0,2653790.34,1747263.67,1282022.3113669192,1813053.3399999999
Nigeria,Exports,2015-07-01,2,"Monthly,Quarterly",880515.0,2333214.3,1606864.65,1027213.5260549507,1452699.2999999998
Nigeria,Exports,2015-10-01,2,"Monthly,Quarterly",714592.0,1940977.56,1327784.78,867185.5458252616,1226385.56
Nigeria,Exports,2016-01-01,3,"Monthly,Quarterly,Yearly",469891.0,8835611.91,3581123.6366666667,4576186.199126996,8365720.91
Nigeria,Exports,2016-04-01,2,"Monthly,Quarterly",560070.0,1788035.97,1174052.9849999999,868303.0644533165,1227965.97
Nigeria,Exports,2016-07-01,2,"Monthly,Quarterly",702723.0,2322591.43,1512657.215,1145419.9514830064,1619868.4300000002
Nigeria,Exports,2016-10-01,2,"Monthly,Quarterly",930264.0,2978935.59,1954599.795,1448629.5737132262,2048671.5899999999
Nigeria,Exports,2017-01-01,3,"Monthly,Quarterly,Yearly",1095447.0,13988143.19,6030640.903333333,6957453.897431542,12892696.19
Nigeria,Exports,2017-04-01,2,"Monthly,Quarterly",988327.0,3103149.26,2045738.13,1495405.1610502598,2114822.26
Nigeria,Exports,2017-07-01,2,"Monthly,Quarterly",1115696.0,3576174.27,2345935.135,1739820.8696791448,2460478.27
Nigeria,Exports,2017-10-01,2,"Monthly,Quarterly",1177762.0,3910621.25,2544191.625,1932423.3077033823,2732859.25
Nigeria,Exports,2018-01-01,3,"Monthly,Quarterly,Yearly",1505677.0,18707327.43,8310787.713333334,9145926.20205672,17201650.43
Nigeria,Exports,2018-04-01,2,"Monthly,Quarterly",1422763.0,4503540.93,2963151.965,2178438.9656328545,3080777.9299999997
Nigeria,Exports,2018-07-01,2,"Monthly,Quarterly",1511822.0,4852989.15,3182405.575,2362561.948842731,3341167.1500000004
Nigeria,Exports,2018-10-01,2,"Monthly,Quarterly",1630502.0,5023656.6,3327079.3,2399322.627274327,3393154.5999999996
Nigeria,Exports,2019-01-01,3,"Monthly,Quarterly,Yearly",1650061.0,19910533.8,8698642.156666666,9816368.084794724,18260472.8
Nigeria,Exports,2019-04-01,2,"Monthly,Quarterly",1634942.0,4597865.52,3116403.76,2095103.313129115,2962923.5199999996
Nigeria,Exports,2019-07-01,2,"Monthly,Quarterly",1579623.0,5288466.3,3434044.65,2622548.247788293,3708843.3
Nigeria,Exports,2019-10-01,2,"Monthly,Quarterly",1543245.0,4770570.63,3156907.815,2282063.8380701467,3227325.63
Nigeria,Exports,2020-01-01,3,"Monthly,Quarterly,Yearly",1706684.0,12613592.7,6143348.88,5730771.922389039,10906908.7
Nigeria,Exports,2020-04-01,2,"Monthly,Quarterly",686158.0,2224953.16,1455555.58,1088092.4924930385,1538795.1600000001
Nigeria,Exports,2020-07-01,2,"Monthly,Quarterly",1104890.0,2993464.34,2049177.17,1335423.7225889084,1888574.3399999999
Nigeria,Exports,2020-10-01,2,"Monthly,Quarterly",998403.0,3194497.02,2096450.01,1552872.9736652256,2196094.02
Nigeria,Exports,2021-01-01,3,"Monthly,Quarterly,Yearly",895199.0,19204170.87,7694767.276666667,10022051.899022639,18308971.87
Nigeria,Exports,2021-04-01,2,"Monthly,Quarterly",1651888.0,5019682.72,3335785.36,2381390.48415625,3367794.7199999997
Nigeria,Exports,2021-07-01,2,"Monthly,Quarterly",1677198.0,5136555.15,3406876.575,2446134.899311169,3459357.1500000004
Nigeria,Exports,2021-10-01,2,"Monthly,Quarterly",1977179.0,5766618.89,3871898.945,2679538.6431178045,3789439.8899999997
Nigeria,Exports,2022-01-01,3,"Monthly,Quarterly,Yearly",2197925.0,27251572.39,12183870.340000002,13277405.632514808,25053647.39
Nigeria,Exports,2022-04-01,2,"Monthly,Quarterly",2262107.0,7400886.82,4831496.91,3633666.0577465864,5138779.82
Nigeria,Exports,2022-07-01,2,"Monthly,Quarterly",2177755.0,5934146.08,4055950.54,2656169.605456659,3756391.08
Nigeria,Exports,2022-10-01,2,"Monthly,Quarterly",2081245.0,6359608.33,4220426.665,3025259.723022859,4278363.33
Nigeria,Exports,2023-01-01,3,"Monthly,Quarterly,Yearly",2286076.0,36247788.33,15006967.736666666,18514625.75609927,33961712.33
Nigeria,Exports,2023-04-01,2,"Monthly,Quarterly",1786236.0,6435130.21,4110683.105,3287264.6209098776,4648894.21
Nigeria,Exports,2023-07-01,2,"Monthly,Quarterly",3016389.0,10346603.85,6681496.425,5183244.627989331,7330214.85
Nigeria,Exports,2023-10-01,2,"Monthly,Quarterly",4141073.0,12693619.5,8417346.25,6047563.626563272,8552546.5
Nigeria,Exports,2024-01-01,2,"Monthly,Quarterly",6246958.0,19167359.19,12707158.595,9136103.29709974,12920401.190000001
Nigeria,Exports,2024-04-01,2,"Monthly,Quarterly",5546703.84,17545622.62,11546163.23,8484516.836244617,11998918.780000001
Nigeria,Exports,2024-07-01,2,"Monthly,Quarterly",7094192.45,20486389.95,13790291.2,9469713.667239528,13392197.5
Nigeria,GDP Growth Rate,2013-01-01,2,"Quarterly,Yearly",4.45,5.49,4.970000000000001,0.7353910524340098,1.04
Nigeria,GDP Growth Rate,2014-01-01,2,"Quarterly,Yearly",6.21,6.22,6.215,0.007071067811865324,0.009999999999999787
Nigeria,GDP Growth Rate,2015-01-01,2,"Quarterly,Yearly",2.79,3.96,3.375,0.8273149339882605,1.17
Nigeria,GDP Growth Rate,2016-01-01,2,"Quarterly,Yearly",-1.58,-0.36,-0.97,0.862670273047588,1.2200000000000002
Nigeria,GDP Growth Rate,2017-01-01,2,"Quarterly,Yearly",-0.91,0.83,-0.040000000000000036,1.2303657992645927,1.74
Nigeria,GDP Growth Rate,2018-01-01,2,"Quarterly,Yearly",1.93,1.95,1.94,0.014142135623730963,0.020000000000000018
Nigeria,GDP Growth Rate,2019-01-01,2,"Quarterly,Yearly",2.1,2.27,2.185,0.12020815280171303,0.16999999999999993
Nigeria,GDP Growth Rate,2020-01-01,2,"Quarterly,Yearly",-1.92,1.87,-0.02499999999999991,2.6799347006970153,3.79
Nigeria,GDP Growth Rate,2021-01-01,2,"Quarterly,Yearly",0.51,3.4,1.955,2.0435385976291225,2.8899999999999997
Nigeria,GDP Growth Rate,2022-01-01,2,"Quarterly,Yearly",3.1,3.11,3.105,0.007071067811865324,0.009999999999999787
Nigeria,GDP Growth Rate,2023-01-01,2,"Quarterly,Yearly",2.31,2.74,2.5250000000000004,0.3040559159102157,0.43000000000000016
Nigeria,GDP Growth Rate,2024-01-01,2,"Quarterly,Yearly",2.98,3.4,3.19,0.2969848480983499,0.41999999999999993
Nigeria,Imports,2010-01-01,3,"Monthly,Quarterly,Yearly",318688.0,8163974.57,3325029.0233333334,4231543.435386424,7845286.57
Nigeria,Imports,2010-04-01,2,"Monthly,Quarterly",483021.0,1220177.6,851599.3,521248.43065641937,737156.6000000001
Nigeria,Imports,2010-07-01,2,"Monthly,Quarterly",360395.0,2163556.9,1261975.95,1275028.0070672194,1803161.9
Nigeria,Imports,2010-10-01,2,"Monthly,Quarterly",397956.0,1772366.9,1085161.45,971855.2675267057,1374410.9
Nigeria,Imports,2011-01-01,3,"Monthly,Quarterly,Yearly",1176566.0,10995863.63,5093327.21,5202127.341301712,9819297.63
Nigeria,Imports,2011-04-01,2,"Monthly,Quarterly",417002.0,3184795.5,1800898.75,1957125.5527740484,2767793.5
Nigeria,Imports,2011-07-01,2,"Monthly,Quarterly",962887.0,2203226.5,1583056.75,877052.4714235318,1240339.5
Nigeria,Imports,2011-10-01,2,"Monthly,Quarterly",426399.0,1397070.1,911734.55,686368.1171118055,970671.1000000001
Nigeria,Imports,2012-01-01,3,"Monthly,Quarterly,Yearly",730957.0,9766556.74,4049929.813333333,4972129.785188658,9035599.74
Nigeria,Imports,2012-04-01,2,"Monthly,Quarterly",390438.0,1408467.7,899452.85,719855.7043193066,1018029.7
Nigeria,Imports,2012-07-01,2,"Monthly,Quarterly",426915.0,1271281.4,849098.2,597057.2072460728,844366.3999999999
Nigeria,Imports,2012-10-01,2,"Monthly,Quarterly",400549.0,1292845.7,846697.35,630949.0474003784,892296.7
Nigeria,Imports,2013-01-01,3,"Monthly,Quarterly,Yearly",598715.0,9439424.71,3894961.27,4830155.005456262,8840709.71
Nigeria,Imports,2013-04-01,2,"Monthly,Quarterly",544175.0,1598237.9,1071206.45,745335.0243871576,1054062.9
Nigeria,Imports,2013-07-01,2,"Monthly,Quarterly",882785.0,2084769.6,1483777.3,849931.4615418,1201984.6
Nigeria,Imports,2013-10-01,2,"Monthly,Quarterly",537069.0,1686063.1,1111566.05,812461.5196533342,1148994.1
Nigeria,Imports,2014-01-01,3,"Monthly,Quarterly,Yearly",533370.0,10538914.51,4205909.693333333,5507838.617802138,10005544.51
Nigeria,Imports,2014-04-01,2,"Monthly,Quarterly",730740.0,1977237.81,1353988.905,881407.0541851807,1246497.81
Nigeria,Imports,2014-07-01,2,"Monthly,Quarterly",673988.0,1820655.94,1247321.97,810816.6761432092,1146667.94
Nigeria,Imports,2014-10-01,2,"Monthly,Quarterly",753946.0,2031032.23,1392489.115,903036.3333929629,1277086.23
Nigeria,Imports,2015-01-01,3,"Monthly,Quarterly,Yearly",537190.0,11076068.34,4446978.68,5771736.09334332,10538878.34
Nigeria,Imports,2015-04-01,2,"Monthly,Quarterly",562780.0,1705675.82,1134227.9100000001,808149.38451176,1142895.82
Nigeria,Imports,2015-07-01,2,"Monthly,Quarterly",624886.0,1688226.92,1156556.46,751895.5752451421,1063340.92
Nigeria,Imports,2015-10-01,2,"Monthly,Quarterly",548109.0,1576385.5,1062247.25,727101.286084769,1028276.5
Nigeria,Imports,2016-01-01,3,"Monthly,Quarterly,Yearly",624601.0,9480366.87,3932056.4233333333,4834482.465865699,8855765.87
Nigeria,Imports,2016-04-01,2,"Monthly,Quarterly",803129.0,2360163.89,1581646.445,1100989.9292630502,1557034.8900000001
Nigeria,Imports,2016-07-01,2,"Monthly,Quarterly",747183.0,2458555.96,1602869.48,1210123.4251552941,1711372.96
Nigeria,Imports,2016-10-01,2,"Monthly,Quarterly",834309.0,2307636.48,1570972.74,1041799.8520164875,1473327.48
Nigeria,Imports,2017-01-01,3,"Monthly,Quarterly,Yearly",731907.0,10804845.85,4622554.33,5413386.101981864,10072938.85
Nigeria,Imports,2017-04-01,2,"Monthly,Quarterly",865386.0,2631659.36,1748522.68,1248943.870285148,1766273.3599999999
Nigeria,Imports,2017-07-01,2,"Monthly,Quarterly",814504.0,2487838.8,1651171.4,1183226.3842754352,1673334.7999999998
Nigeria,Imports,2017-10-01,2,"Monthly,Quarterly",707025.0,2112311.52,1409668.26,993687.6278020449,1405286.52
Nigeria,Imports,2018-01-01,3,"Monthly,Quarterly,Yearly",1056385.0,13445112.75,5814926.963333334,6674945.5055432,12388727.75
Nigeria,Imports,2018-04-01,2,"Monthly,Quarterly",749159.0,2425622.78,1587390.89,1185438.9072516323,1676463.7799999998
Nigeria,Imports,2018-07-01,2,"Monthly,Quarterly",1022671.0,4213925.19,2618298.095,2256557.478238983,3191254.1900000004
Nigeria,Imports,2018-10-01,2,"Monthly,Quarterly",1379272.0,3582296.24,2480784.12,1557773.3792223402,2203024.24
Nigeria,Imports,2019-01-01,3,"Monthly,Quarterly,Yearly",1772274.0,20449968.39,8641984.700000001,10271512.6453888,18677694.39
Nigeria,Imports,2019-04-01,2,"Monthly,Quarterly",1417925.0,4007394.2,2712659.6,1831031.2309937044,2589469.2
Nigeria,Imports,2019-07-01,2,"Monthly,Quarterly",1403219.0,3899140.52,2651179.76,1764883.032101435,2495921.52
Nigeria,Imports,2019-10-01,2,"Monthly,Quarterly",2518687.0,5349628.63,3934157.815,2001778.0237162982,2830941.63
Nigeria,Imports,2020-01-01,3,"Monthly,Quarterly,Yearly",1243318.0,20519192.15,8446359.333333334,10520265.342662178,19275874.15
Nigeria,Imports,2020-04-01,2,"Monthly,Quarterly",735171.0,2433232.08,1584201.54,1200710.5045369526,1698061.08
Nigeria,Imports,2020-07-01,2,"Monthly,Quarterly",1010882.0,3184592.73,2097737.365,1537045.5975209607,2173710.73
Nigeria,Imports,2020-10-01,2,"Monthly,Quarterly",1185141.0,3506551.15,2345846.075,1641484.8589802806,2321410.15
Nigeria,Imports,2021-01-01,3,"Monthly,Quarterly,Yearly",1315217.0,22954835.52,9715080.123333333,11603305.147064155,21639618.52
Nigeria,Imports,2021-04-01,2,"Monthly,Quarterly",1311392.0,4692334.32,3001863.16,2390687.2412725785,3380942.3200000003
Nigeria,Imports,2021-07-01,2,"Monthly,Quarterly",1740755.0,5335861.3,3538308.15,2542124.0438164785,3595106.3
Nigeria,Imports,2021-10-01,2,"Monthly,Quarterly",2084494.0,5940581.48,4012537.74,2726665.6059565456,3856087.4800000004
Nigeria,Imports,2022-01-01,3,"Monthly,Quarterly,Yearly",2054609.0,27115108.58,12221797.033333331,13181780.699027602,25060499.58
Nigeria,Imports,2022-04-01,2,"Monthly,Quarterly",1713699.0,6388514.17,4051106.585,3305593.507500743,4674815.17
Nigeria,Imports,2022-07-01,2,"Monthly,Quarterly",2362266.0,6343531.78,4352898.890000001,2815180.03074395,3981265.7800000003
Nigeria,Imports,2022-10-01,2,"Monthly,Quarterly",2187190.0,5362827.95,3775008.975,2245515.1290383465,3175637.95
Nigeria,Imports,2023-01-01,3,"Monthly,Quarterly,Yearly",2317543.0,32642666.15,13808770.513333334,16441999.723048532,30325123.15
Nigeria,Imports,2023-04-01,2,"Monthly,Quarterly",1934419.0,6301948.76,4118183.88,3088309.9103300544,4367529.76
Nigeria,Imports,2023-07-01,2,"Monthly,Quarterly",2864334.0,9041237.1,5952785.55,4367730.068742206,6176903.1
Nigeria,Imports,2023-10-01,2,"Monthly,Quarterly",3457686.0,9053777.3,6255731.65,3957034.106369043,5596091.300000001
Nigeria,Imports,2024-01-01,2,"Monthly,Quarterly",3716196.0,13970054.03,8843125.015,7250572.546337133,10253858.03
Nigeria,Imports,2024-04-01,2,"Monthly,Quarterly",4579396.78,13497897.17,9038646.975,6306332.103783868,8918500.39
Nigeria,Imports,2024-07-01,2,"Monthly,Quarterly",4971869.48,14674046.8,9822958.14,6860475.375246325,9702177.32
Nigeria,Nominal GDP,2010-01-01,2,"Quarterly,Yearly",12790.38,55469.35,34129.865,30178.589101057227,42678.97
Nigeria,Nominal GDP,2011-01-01,2,"Quarterly,Yearly",14686.11,63713.36,39199.735,34667.50093792816,49027.25
Nigeria,Nominal GDP,2012-01-01,2,"Quarterly,Yearly",16675.1,72599.63,44637.365000000005,39544.61439767052,55924.530000000006
Nigeria,Nominal GDP,2013-01-01,2,"Quarterly,Yearly",18522.19,81009.96,49766.075000000004,44185.52590822531,62487.770000000004
Nigeria,Nominal GDP,2014-01-01,2,"Quarterly,Yearly",20381.9,90136.98,55259.44,49324.29009021012,69755.07999999999
Nigeria,Nominal GDP,2015-01-01,2,"Quarterly,Yearly",21242.54,95177.74,58210.14,52280.08128838363,73935.20000000001
Nigeria,Nominal GDP,2016-01-01,2,"Quarterly,Yearly",22435.46,102575.42,62505.44,56667.50916001867,80139.95999999999
Nigeria,Nominal GDP,2017-01-01,2,"Quarterly,Yearly",26228.85,114899.25,70564.05,62699.44113052364,88670.4
Nigeria,Nominal GDP,2018-01-01,2,"Quarterly,Yearly",28682.95,129086.91,78884.93000000001,70996.32097398287,100403.96
Nigeria,Nominal GDP,2019-01-01,2,"Quarterly,Yearly",32086.12,145639.14,88862.63,80294.11046621167,113553.02000000002
Nigeria,Nominal GDP,2020-01-01,2,"Quarterly,Yearly",35969.9,154252.32,95111.11,83638.30127715532,118282.42000000001
Nigeria,Nominal GDP,2021-01-01,2,"Quarterly,Yearly",40507.69,176075.5,108291.595,95860.91776160944,135567.81
Nigeria,Nominal GDP,2022-01-01,2,"Quarterly,Yearly",45902.64,202365.02,124133.82999999999,110635.60989858644,156462.38
Nigeria,Nominal GDP,2023-01-01,2,"Quarterly,Yearly",51947.19,234425.91,143186.55,129031.94033424126,182478.72
Nigeria,Nominal GDP,2024-01-01,2,"Quarterly,Yearly",60276.87,277493.78,168885.325,153595.550049388,217216.91000000003
Nigeria,Real GDP,2010-01-01,2,"Quarterly,Yearly",12790.38,55469.35,34129.865,30178.589101057227,42678.97
Nigeria,Real GDP,2011-01-01,2,"Quarterly,Yearly",13621.79,58180.35,35901.07,31507.659935907646,44558.56
Nigeria,Real GDP,2012-01-01,2,"Quarterly,Yearly",14105.66,60670.05,37387.855,32925.995930815065,46564.39
Nigeria,Real GDP,2013-01-01,2,"Quarterly,Yearly",14715.33,63942.85,39329.09,34809.11321299639,49227.52
Nigeria,Real GDP,2014-01-01,2,"Quarterly,Yearly",15601.05,67977.46,41789.255000000005,37035.714685206905,52376.41
Nigeria,Real GDP,2015-01-01,2,"Quarterly,Yearly",16203.8,69780.69,42992.245,37884.582233885725,53576.89
Nigeria,Real GDP,2016-01-01,2,"Quarterly,Yearly",16087.23,68652.43,42369.829999999994,37169.209374427104,52565.2
Nigeria,Real GDP,2017-01-01,2,"Quarterly,Yearly",15919.66,69205.69,42562.675,37678.91315550981,53286.03
Nigeria,Real GDP,2018-01-01,2,"Quarterly,Yearly",16234.95,70536.35,43385.65,38396.88816792319,54301.40000000001
Nigeria,Real GDP,2019-01-01,2,"Quarterly,Yearly",16569.73,72094.09,44331.909999999996,39261.65147704309,55524.36
Nigeria,Real GDP,2020-01-01,2,"Quarterly,Yearly",16893.27,70800.54,43846.905,38118.19617225413,53907.26999999999
Nigeria,Real GDP,2021-01-01,2,"Quarterly,Yearly",16962.51,73382.77,45172.64,39895.14844230813,56420.26000000001
Nigeria,Real GDP,2022-01-01,2,"Quarterly,Yearly",17573.27,75768.95,46671.11,41150.55996376234,58195.67999999999
Nigeria,Real GDP,2023-01-01,2,"Quarterly,Yearly",17994.28,77936.1,47965.19,42385.267398663425,59941.82000000001
Nigeria,Real GDP,2024-01-01,2,"Quarterly,Yearly",18497.17,80606.53,49551.85,43917.94963115651,62109.36
Nigeria,Revenue,2010-01-01,3,"Monthly,Quarterly,Yearly",192749.4,3388905.4,1411763.0666666667,1727692.8547922901,3196156.0
Nigeria,Revenue,2010-04-01,2,"Monthly,Quarterly",237120.3,944732.5,590926.4,500357.38507033157,707612.2
Nigeria,Revenue,2010-07-01,2,"Monthly,Quarterly",183010.5,985480.7,584245.6,567432.120120125,802470.2
Nigeria,Revenue,2010-10-01,2,"Monthly,Quarterly",226660.7,805057.8,515859.25,408988.51162863366,578397.1000000001
Nigeria,Revenue,2011-01-01,3,"Monthly,Quarterly,Yearly",181650.9,3376981.5,1364834.9666666666,1751547.455589101,3195330.6
Nigeria,Revenue,2011-04-01,2,"Monthly,Quarterly",206796.3,677256.2,442026.25,332665.385566345,470459.89999999997
Nigeria,Revenue,2011-07-01,2,"Monthly,Quarterly",553367.0,1091748.4,822557.7,380693.13880470704,538381.3999999999
Nigeria,Revenue,2011-10-01,2,"Monthly,Quarterly",261562.8,1072104.4,666833.6,573139.4617937941,810541.5999999999
Nigeria,Revenue,2012-01-01,3,"Monthly,Quarterly,Yearly",266088.0,3156007.6,1400196.5333333332,1542009.8422451308,2889919.6
Nigeria,Revenue,2012-04-01,2,"Monthly,Quarterly",328214.0,776690.6,552452.3,317120.8450634868,448476.6
Nigeria,Revenue,2012-07-01,2,"Monthly,Quarterly",243335.0,639851.0,441593.0,280379.15244896506,396516.0
Nigeria,Revenue,2012-10-01,2,"Monthly,Quarterly",250585.0,960972.0,605778.5,502319.46496676793,710387.0
Nigeria,Revenue,2013-01-01,3,"Monthly,Quarterly,Yearly",228070.0,3362195.0,1478983.0,1659980.842647589,3134125.0
Nigeria,Revenue,2013-04-01,2,"Monthly,Quarterly",276720.0,774565.0,525642.5,352029.57547981676,497845.0
Nigeria,Revenue,2013-07-01,2,"Monthly,Quarterly",417076.0,1021311.0,719193.5,427258.66593025357,604235.0
Nigeria,Revenue,2013-10-01,2,"Monthly,Quarterly",227362.0,719635.0,473498.5,348089.57649504533,492273.0
Nigeria,Revenue,2014-01-01,3,"Monthly,Quarterly,Yearly",230407.0,3287771.0,1441158.6666666667,1624840.8376466704,3057364.0
Nigeria,Revenue,2014-04-01,2,"Monthly,Quarterly",244800.0,824848.0,534824.0,410155.87421369454,580048.0
Nigeria,Revenue,2014-07-01,2,"Monthly,Quarterly",298267.0,888698.0,593482.5,417497.76392275444,590431.0
Nigeria,Revenue,2014-10-01,2,"Monthly,Quarterly",277014.0,768927.0,522970.5,347835.01805381814,491913.0
Nigeria,Revenue,2015-01-01,3,"Monthly,Quarterly,Yearly",264955.0,3209565.0,1481512.3333333333,1537498.8195251836,2944610.0
Nigeria,Revenue,2015-04-01,2,"Monthly,Quarterly",176238.0,498540.0,337389.0,227901.92978998664,322302.0
Nigeria,Revenue,2015-07-01,2,"Monthly,Quarterly",388439.0,994020.0,691229.5,428210.43165773066,605581.0
Nigeria,Revenue,2015-10-01,2,"Monthly,Quarterly",327257.0,746988.0,537122.5,296794.63637421076,419731.0
Nigeria,Revenue,2016-01-01,3,"Monthly,Quarterly,Yearly",208942.0,3180372.65,1319004.8833333333,1621941.5210574765,2971430.65
Nigeria,Revenue,2016-04-01,2,"Monthly,Quarterly",325640.0,696046.0,510843.0,261916.5943921843,370406.0
Nigeria,Revenue,2016-07-01,2,"Monthly,Quarterly",347878.0,993457.36,670667.6799999999,456493.5432500714,645579.36
Nigeria,Revenue,2016-10-01,2,"Monthly,Quarterly",213640.89,923169.29,568405.0900000001,501712.34308444115,709528.4
Nigeria,Revenue,2017-01-01,3,"Monthly,Quarterly,Yearly",700295.0,3618924.66,1819172.3099999998,1573941.831240653,2918629.66
Nigeria,Revenue,2017-04-01,2,"Monthly,Quarterly",88046.45,672069.17,380057.81,412966.4256790123,584022.7200000001
Nigeria,Revenue,2017-07-01,2,"Monthly,Quarterly",354366.0,830932.0,592649.0,336983.0502829482,476566.0
Nigeria,Revenue,2017-10-01,2,"Monthly,Quarterly",248743.25,977626.22,613184.735,515398.0907783909,728882.97
Nigeria,Revenue,2018-01-01,3,"Monthly,Quarterly,Yearly",300615.0,3953288.0,1691013.0,1976267.2234743459,3652673.0
Nigeria,Revenue,2018-04-01,2,"Monthly,Quarterly",291276.0,1045615.0,668445.5,533398.2222134791,754339.0
Nigeria,Revenue,2018-07-01,2,"Monthly,Quarterly",340898.0,975116.0,658007.0,448459.8485505698,634218.0
Nigeria,Revenue,2018-10-01,2,"Monthly,Quarterly",419763.0,1113421.0,766592.0,490490.2756242982,693658.0
Nigeria,Revenue,2019-01-01,3,"Monthly,Quarterly,Yearly",339697.0,4539084.0,1978913.6666666667,2246069.797680458,4199387.0
Nigeria,Revenue,2019-04-01,2,"Monthly,Quarterly",144576.0,691137.0,417856.5,386476.9894321006,546561.0
Nigeria,Revenue,2019-07-01,2,"Monthly,Quarterly",630954.0,1443660.0,1037307.0,574669.9237109943,812706.0
Nigeria,Revenue,2019-10-01,2,"Monthly,Quarterly",557792.0,1346327.0,952059.5,557578.4457029343,788535.0
Nigeria,Revenue,2020-01-01,3,"Monthly,Quarterly,Yearly",285698.0,3781804.0,1691046.3333333333,1846084.7099941901,3496106.0
Nigeria,Revenue,2020-04-01,2,"Monthly,Quarterly",260166.0,860654.0,560410.0,424609.1368211476,600488.0
Nigeria,Revenue,2020-07-01,2,"Monthly,Quarterly",305111.0,978097.0,641604.0,475872.96424360987,672986.0
Nigeria,Revenue,2020-10-01,2,"Monthly,Quarterly",338724.0,937416.0,638070.0,423339.17304213654,598692.0
Nigeria,Revenue,2021-01-01,3,"Monthly,Quarterly,Yearly",273978.0,4788449.0,1990485.0,2443823.650470099,4514471.0
Nigeria,Revenue,2021-04-01,2,"Monthly,Quarterly",417111.0,1251656.0,834383.5,590112.4287053273,834545.0
Nigeria,Revenue,2021-07-01,2,"Monthly,Quarterly",376761.0,1342306.0,859533.5,682743.417040765,965545.0
Nigeria,Revenue,2021-10-01,2,"Monthly,Quarterly",454035.0,1285459.0,869747.0,587905.548441244,831424.0
Nigeria,Revenue,2022-01-01,3,"Monthly,Quarterly,Yearly",354290.0,5303872.0,2230675.0,2683069.085243427,4949582.0
Nigeria,Revenue,2022-04-01,2,"Monthly,Quarterly",448999.0,1157262.0,803130.5,500817.57016352774,708263.0
Nigeria,Revenue,2022-07-01,2,"Monthly,Quarterly",603859.0,1761064.0,1182461.5,818267.5027229787,1157205.0
Nigeria,Revenue,2022-10-01,2,"Monthly,Quarterly",527465.0,1351683.0,939574.0,582810.1369760138,824218.0
Nigeria,Revenue,2023-01-01,3,"Monthly,Quarterly,Yearly",469263.0,5998260.0,2594507.0,2977984.369303002,5528997.0
Nigeria,Revenue,2023-04-01,2,"Monthly,Quarterly",412269.0,1480377.0,946323.0,755266.4098396009,1068108.0
Nigeria,Revenue,2023-07-01,2,"Monthly,Quarterly",613994.0,1519644.0,1066819.0,640391.2563815968,905650.0
Nigeria,Revenue,2023-10-01,2,"Monthly,Quarterly",783512.0,1682241.0,1232876.5,635497.3703490046,898729.0
Nigeria,Revenue,2024-01-01,2,"Monthly,Quarterly",449657.0,1374128.0,911892.5,653699.7131103087,924471.0
Nigeria,Revenue,2024-04-01,2,"Monthly,Quarterly",993433.0,2353813.0,1673623.0,961933.9229905555,1360380.0
Nigeria,Revenue,2024-07-01,2,"Monthly,Quarterly",576466.0,2350850.0,1463658.0,1254678.958828911,1774384.0
Nigeria,Value Added Tax (VAT),2015-01-01,2,"Quarterly,Yearly",196706.89,759432.7,478069.795,397907.23619969265,562725.8099999999
Nigeria,Value Added Tax (VAT),2016-01-01,2,"Quarterly,Yearly",186428.18,777504.7,481966.43999999994,417954.215492146,591076.52
Nigeria,Value Added Tax (VAT),2017-01-01,2,"Quarterly,Yearly",221380.46,972348.41,596864.435,531014.5298987603,750967.9500000001
Nigeria,Value Added Tax (VAT),2018-01-01,2,"Quarterly,Yearly",269793.78,1108040.57,688917.175,592729.9895168559,838246.79
Nigeria,Value Added Tax (VAT),2019-01-01,2,"Quarterly,Yearly",289038.34,1184580.58,736809.4600000001,633243.9907429906,895542.24
Nigeria,Value Added Tax (VAT),2020-01-01,2,"Quarterly,Yearly",324579.12,1531170.81,927874.9650000001,853189.1661223366,1206591.69
Nigeria,Value Added Tax (VAT),2021-01-01,2,"Quarterly,Yearly",496390.01,496390.01,496390.01,,0.0
Nigeria,Value Added Tax (VAT),2022-01-01,2,"Quarterly,Yearly",588598.83,697378.91,642988.87,76919.13222601518,108780.08000000007
Nigeria,Value Added Tax (VAT),2023-01-01,2,"Quarterly,Yearly",709594.57,3639316.85,2174455.71,2071626.4911813133,2929722.2800000003
Rwanda,Exports,2017-01-01,2,"Monthly,Quarterly",92.0,46506898.8,23253495.4,32885278.459612638,46506806.8
Rwanda,Exports,2017-04-01,2,"Monthly,Quarterly",117.4,50579827.28,25289972.34,35765255.84659622,50579709.88
Rwanda,Exports,2017-07-01,2,"Monthly,Quarterly",149.6,61047211.92,30523680.76,43166791.73798977,61047062.32
Rwanda,Exports,2017-10-01,2,"Monthly,Quarterly",157.6,66894456.14,33447306.87,47301412.12035137,66894298.54
Rwanda,Exports,2018-01-01,2,"Monthly,Quarterly",170.8,54047796.5,27023983.65,38217442.639502324,54047625.7
Rwanda,Exports,2018-04-01,2,"Monthly,Quarterly",179.2,65872566.71,32936372.955000002,46578811.90126903,65872387.51
Rwanda,Exports,2018-07-01,2,"Monthly,Quarterly",176.6,54959808.46,27479992.53,38862328.37972222,54959631.86
Rwanda,Exports,2018-10-01,2,"Monthly,Quarterly",164.2,62466849.82,31233507.01,44170617.000150196,62466685.62
Rwanda,Exports,2019-01-01,2,"Monthly,Quarterly",142.2,46551951.29,23276046.745,32917099.884040564,46551809.089999996
Rwanda,Exports,2019-04-01,2,"Monthly,Quarterly",169.0,71481144.05,35740656.525,50544682.18368141,71480975.05
Rwanda,Exports,2019-07-01,2,"Monthly,Quarterly",227.0,69409331.73,34704779.365,49079648.63067027,69409104.73
Rwanda,Exports,2019-10-01,2,"Monthly,Quarterly",244.9,80331675.89,40165960.395,56802899.59544817,80331430.99
Rwanda,Exports,2020-01-01,2,"Monthly,Quarterly",206.8,84302546.78,42151376.79,59610756.2697518,84302339.98
Rwanda,Exports,2020-04-01,2,"Monthly,Quarterly",201.8,52901765.15,26450983.474999998,37407054.18015473,52901563.35
Rwanda,Exports,2020-07-01,2,"Monthly,Quarterly",406.0,122216864.7,61108635.35,86420086.71937563,122216458.7
Rwanda,Exports,2020-10-01,2,"Monthly,Quarterly",240.2,104440000.0,52220120.1,73850062.38007419,104439759.8
Rwanda,Exports,2021-01-01,2,"Monthly,Quarterly",161.8,49955238.75,24977700.275,35323573.66604079,49955076.95
Rwanda,Exports,2021-04-01,2,"Monthly,Quarterly",241.5,70625280.51,35312761.005,49939444.00553546,70625039.01
Rwanda,Exports,2021-07-01,2,"Monthly,Quarterly",263.4,78962944.48,39481603.940000005,55835047.2523387,78962681.08
Rwanda,Exports,2021-10-01,2,"Monthly,Quarterly",310.5,97430000.0,48715155.25,68893194.13434976,97429689.5
Rwanda,Exports,2022-01-01,2,"Monthly,Quarterly",296.6,92514560.13,46257428.364999995,65417463.0985423,92514263.53
Rwanda,Exports,2022-04-01,2,"Monthly,Quarterly",331.6,96279517.89,48139924.745,68079665.51278187,96279186.29
Rwanda,Exports,2022-07-01,2,"Monthly,Quarterly",342.6,107382334.2,53691338.4,75930534.43767688,107381991.60000001
Rwanda,Exports,2022-10-01,2,"Monthly,Quarterly",373.5,112970000.0,56485186.75,79881588.9662615,112969626.5
Rwanda,Exports,2023-01-01,2,"Monthly,Quarterly",423.9,142390000.0,71195211.95,100684634.83058795,142389576.1
Rwanda,Exports,2023-04-01,2,"Monthly,Quarterly",484.6,151810000.0,75905242.3,107345537.78798363,151809515.4
Rwanda,Exports,2023-07-01,2,"Monthly,Quarterly",367.6,128320000.0,64160183.8,90735682.22940502,128319632.4
Rwanda,Exports,2023-10-01,2,"Monthly,Quarterly",400.1,121360000.0,60680200.05,85814196.05137625,121359599.9
Rwanda,Exports,2024-01-01,2,"Monthly,Quarterly",438.8,135494544.2,67747491.5,95808800.7391448,135494105.39999998
Rwanda,Exports,2024-04-01,2,"Monthly,Quarterly",541.1,157097816.3,78549178.7,111084548.59984925,157097275.20000002
Rwanda,Exports,2024-07-01,2,"Monthly,Quarterly",667.0,230856111.3,115428389.15,163239450.13836333,230855444.3
Rwanda,GDP Growth Rate,2020-01-01,2,"Quarterly,Yearly",-3.4,3.7,0.15000000000000013,5.020458146424487,7.1
Rwanda,GDP Growth Rate,2021-01-01,2,"Quarterly,Yearly",3.5,10.9,7.2,5.232590180780452,7.4
Rwanda,GDP Growth Rate,2022-01-01,2,"Quarterly,Yearly",7.9,8.2,8.05,0.21213203435596414,0.29999999999999893
Rwanda,GDP Growth Rate,2023-01-01,2,"Quarterly,Yearly",8.2,9.2,8.7,0.7071067811865476,1.0
Rwanda,Imports,2017-01-01,2,"Monthly,Quarterly",635.79,192560000.0,96280317.895,136160032.21386117,192559364.21
Rwanda,Imports,2017-04-01,2,"Monthly,Quarterly",660.3,194290000.0,97145330.15,137383309.6141267,194289339.7
Rwanda,Imports,2017-07-01,2,"Monthly,Quarterly",855.75,312010000.0,156005427.875,220623781.6913867,312009144.25
Rwanda,Imports,2017-10-01,2,"Monthly,Quarterly",724.15,241350000.0,120675362.075,170659709.58799765,241349275.85
Rwanda,Imports,2018-01-01,2,"Monthly,Quarterly",674.78,224370000.0,112185337.39,158653071.35331187,224369325.22
Rwanda,Imports,2018-04-01,2,"Monthly,Quarterly",653.69,215930000.0,107965326.845,152685105.03297943,215929346.31
Rwanda,Imports,2018-07-01,2,"Monthly,Quarterly",742.86,231540000.0,115770371.43,163722978.83458975,231539257.14
Rwanda,Imports,2018-10-01,2,"Monthly,Quarterly",759.5,270320000.0,135160379.75,191144568.04274723,270319240.5
Rwanda,Imports,2019-01-01,2,"Monthly,Quarterly",702.46,214620000.0,107310351.23,151758760.66402733,214619297.54
Rwanda,Imports,2019-04-01,2,"Monthly,Quarterly",737.89,224240000.0,112120368.945,158561102.84624866,224239262.11
Rwanda,Imports,2019-07-01,2,"Monthly,Quarterly",816.87,265180000.0,132590408.435,187509998.6207323,265179183.13
Rwanda,Imports,2019-10-01,2,"Monthly,Quarterly",882.34,293260000.0,146630441.17,207365510.74216962,293259117.66
Rwanda,Imports,2020-01-01,2,"Monthly,Quarterly",899.0,344030000.0,172015449.5,243265310.24261168,344029101.0
Rwanda,Imports,2020-04-01,2,"Monthly,Quarterly",682.84,201590000.0,100795341.42,142545173.17860165,201589317.16
Rwanda,Imports,2020-07-01,2,"Monthly,Quarterly",973.66,298450000.0,149225486.83,211035330.36353654,298449026.34
Rwanda,Imports,2020-10-01,2,"Monthly,Quarterly",880.64,301460000.0,150730440.32,213163787.54998085,301459119.36
Rwanda,Imports,2021-01-01,2,"Monthly,Quarterly",769.77,229160000.0,114580384.885,162040045.66712227,229159230.23
Rwanda,Imports,2021-04-01,2,"Monthly,Quarterly",948.95,271120000.0,135560474.475,191710119.50631675,271119051.05
Rwanda,Imports,2021-07-01,2,"Monthly,Quarterly",990.42,343310000.0,171655495.21,242756128.71645543,343309009.58
Rwanda,Imports,2021-10-01,2,"Monthly,Quarterly",1060.28,338090000.0,169045530.14,239064981.9201819,338088939.72
Rwanda,Imports,2022-01-01,2,"Monthly,Quarterly",1128.32,348410000.0,174205564.16,246362275.7904817,348408871.68
Rwanda,Imports,2022-04-01,2,"Monthly,Quarterly",1345.95,371200000.0,185600672.975,262477085.4460743,371198654.05
Rwanda,Imports,2022-07-01,2,"Monthly,Quarterly",1544.82,473390000.0,236695772.41,334736186.79320204,473388455.18
Rwanda,Imports,2022-10-01,2,"Monthly,Quarterly",1455.35,461860000.0,230930727.675,326583308.8709649,461858544.65
Rwanda,Imports,2023-01-01,2,"Monthly,Quarterly",1466.6,487650000.0,243825733.3,344819584.8028146,487648533.4
Rwanda,Imports,2023-04-01,2,"Monthly,Quarterly",1548.3,453920000.0,226960774.15,320968815.30276835,453918451.7
Rwanda,Imports,2023-07-01,2,"Monthly,Quarterly",1572.09,500150000.0,250075786.045,353658344.9749521,500148427.91
Rwanda,Imports,2023-10-01,2,"Monthly,Quarterly",1593.96,502570000.0,251285796.98,355369527.9209983,502568406.04
Rwanda,Imports,2024-01-01,2,"Monthly,Quarterly",1768.85,568985044.4,284493406.625,402331932.5231389,568983275.55
Rwanda,Imports,2024-04-01,2,"Monthly,Quarterly",1814.47,535567887.9,267784851.185,378702402.29580545,535566073.42999995
Rwanda,Nominal GDP,2020-01-01,2,"Quarterly,Yearly",2405.0,9597.0,6001.0,5085.51197029365,7192.0
Rwanda,Nominal GDP,2021-01-01,2,"Quarterly,Yearly",2586.0,10943.0,6764.5,5909.291370375978,8357.0
Rwanda,Nominal GDP,2022-01-01,2,"Quarterly,Yearly",3023.0,13720.0,8371.5,7563.921238352499,10697.0
Rwanda,Nominal GDP,2023-01-01,2,"Quarterly,Yearly",3904.0,16355.0,10129.5,8804.186532553704,12451.0
Rwanda,Real GDP,2020-01-01,2,"Quarterly,Yearly",2249.0,8830.0,5539.5,4653.469726988669,6581.0
Rwanda,Real GDP,2021-01-01,2,"Quarterly,Yearly",2327.0,9789.0,6058.0,5276.430801214017,7462.0
Rwanda,Real GDP,2022-01-01,2,"Quarterly,Yearly",2510.0,10587.0,6548.5,5711.301471643745,8077.0
Rwanda,Real GDP,2023-01-01,2,"Quarterly,Yearly",2740.0,11460.0,7100.0,6165.971131946694,8720.0
Rwanda,Real GDP,2024-01-01,2,"Quarterly,Yearly",3007.0,12480.0,7743.5,6698.422538180164,9473.0
South Africa,GDP Growth Rate,1994-01-01,2,"Quarterly,Yearly",1.92,3.2,2.56,0.9050966799187811,1.2800000000000002
South Africa,GDP Growth Rate,1995-01-01,2,"Quarterly,Yearly",3.1,3.99,3.545,0.6293250352560276,0.8900000000000001
South Africa,GDP Growth Rate,1996-01-01,2,"Quarterly,Yearly",3.97,4.3,4.135,0.23334523779156027,0.3299999999999996
South Africa,GDP Growth Rate,1997-01-01,2,"Quarterly,Yearly",2.6,3.16,2.88,0.3959797974644668,0.56
South Africa,GDP Growth Rate,1998-01-01,2,"Quarterly,Yearly",0.5,0.99,0.745,0.3464823227814083,0.49
South Africa,GDP Growth Rate,1999-01-01,2,"Quarterly,Yearly",1.09,2.4,1.745,0.9263098833543773,1.3099999999999998
South Africa,GDP Growth Rate,2000-01-01,2,"Quarterly,Yearly",3.6,4.2,3.9000000000000004,0.42426406871192873,0.6000000000000001
South Africa,GDP Growth Rate,2001-01-01,2,"Quarterly,Yearly",2.7,3.73,3.215,0.728319984622144,1.0299999999999998
South Africa,GDP Growth Rate,2002-01-01,2,"Quarterly,Yearly",3.54,3.7,3.62,0.1131370849898477,0.16000000000000014
South Africa,GDP Growth Rate,2003-01-01,2,"Quarterly,Yearly",2.95,3.21,3.08,0.1838477631085022,0.2599999999999998
South Africa,GDP Growth Rate,2004-01-01,2,"Quarterly,Yearly",3.75,4.55,4.15,0.5656854249492382,0.7999999999999998
South Africa,GDP Growth Rate,2005-01-01,2,"Quarterly,Yearly",5.28,5.45,5.365,0.12020815280171303,0.16999999999999993
South Africa,GDP Growth Rate,2006-01-01,2,"Quarterly,Yearly",5.1,5.6,5.35,0.3535533905932738,0.5
South Africa,GDP Growth Rate,2007-01-01,2,"Quarterly,Yearly",5.36,6.43,5.895,0.7566042558696057,1.0699999999999994
South Africa,GDP Growth Rate,2008-01-01,2,"Quarterly,Yearly",3.19,3.83,3.51,0.45254833995939064,0.6400000000000001
South Africa,GDP Growth Rate,2009-01-01,2,"Quarterly,Yearly",-1.54,-1.1,-1.32,0.31112698372208086,0.43999999999999995
South Africa,GDP Growth Rate,2010-01-01,2,"Quarterly,Yearly",2.49,3.04,2.765,0.38890872965260104,0.5499999999999998
South Africa,GDP Growth Rate,2011-01-01,2,"Quarterly,Yearly",3.17,3.37,3.27,0.14142135623730964,0.20000000000000018
South Africa,GDP Growth Rate,2012-01-01,2,"Quarterly,Yearly",2.4,2.41,2.4050000000000002,0.007071067811865481,0.010000000000000231
South Africa,GDP Growth Rate,2013-01-01,2,"Quarterly,Yearly",2.02,2.49,2.255,0.3323401871576773,0.4700000000000002
South Africa,GDP Growth Rate,2014-01-01,2,"Quarterly,Yearly",1.41,1.84,1.625,0.3040559159102156,0.43000000000000016
South Africa,GDP Growth Rate,2015-01-01,2,"Quarterly,Yearly",1.32,2.44,1.88,0.7919595949289332,1.1199999999999999
South Africa,GDP Growth Rate,2016-01-01,2,"Quarterly,Yearly",0.01,0.66,0.335,0.45961940777125593,0.65
South Africa,GDP Growth Rate,2017-01-01,2,"Quarterly,Yearly",0.66,1.16,0.9099999999999999,0.3535533905932736,0.4999999999999999
South Africa,GDP Growth Rate,2018-01-01,2,"Quarterly,Yearly",1.32,1.56,1.44,0.16970562748477133,0.24
South Africa,GDP Growth Rate,2019-01-01,2,"Quarterly,Yearly",0.26,0.47,0.365,0.14849242404917495,0.20999999999999996
South Africa,GDP Growth Rate,2020-01-01,2,"Quarterly,Yearly",-6.17,0.89,-2.64,4.992173875177025,7.06
South Africa,GDP Growth Rate,2021-01-01,2,"Quarterly,Yearly",-2.2,4.96,1.38,5.06288455329568,7.16
South Africa,GDP Growth Rate,2022-01-01,2,"Quarterly,Yearly",1.91,2.52,2.215,0.4313351365237941,0.6100000000000001
South Africa,GDP Growth Rate,2023-01-01,2,"Quarterly,Yearly",0.49,0.7,0.595,0.14849242404917495,0.20999999999999996
South Africa,GDP Growth Rate,2024-01-01,2,"Quarterly,Yearly",0.6,0.6,0.6,0.0,0.0
South Africa,Nominal GDP,1993-01-01,2,"Quarterly,Yearly",110916.11,480994.46,295955.28500000003,261684.9108553286,370078.35000000003
South Africa,Nominal GDP,1994-01-01,2,"Quarterly,Yearly",128825.32,545092.63,336958.975,294345.43768728274,416267.31
South Africa,Nominal GDP,1995-01-01,2,"Quarterly,Yearly",145953.7,622900.83,384427.265,337252.54989046184,476947.12999999995
South Africa,Nominal GDP,1996-01-01,2,"Quarterly,Yearly",164727.21,701803.91,433265.56,379770.57658729306,537076.7000000001
South Africa,Nominal GDP,1997-01-01,2,"Quarterly,Yearly",183798.61,778644.47,481221.54,420619.5413667437,594845.86
South Africa,Nominal GDP,1998-01-01,2,"Quarterly,Yearly",200855.5,845733.39,523294.445,455997.52905627247,644877.89
South Africa,Nominal GDP,1999-01-01,2,"Quarterly,Yearly",217376.34,925690.43,571533.385,500853.69624897855,708314.0900000001
South Africa,Nominal GDP,2000-01-01,2,"Quarterly,Yearly",244299.98,1053138.03,648719.005,571934.8700367039,808838.05
South Africa,Nominal GDP,2001-01-01,2,"Quarterly,Yearly",278789.9,1165940.57,722365.2350000001,627310.2546911892,887150.67
South Africa,Nominal GDP,2002-01-01,2,"Quarterly,Yearly",317361.68,1360679.28,839020.48,737736.949891274,1043317.6000000001
South Africa,Nominal GDP,2003-01-01,2,"Quarterly,Yearly",357616.99,1490399.02,924008.005,800997.8550192631,1132782.03
South Africa,Nominal GDP,2004-01-01,2,"Quarterly,Yearly",391975.31,1652434.1,1022204.7050000001,891278.9578151904,1260458.79
South Africa,Nominal GDP,2005-01-01,2,"Quarterly,Yearly",430827.36,1837001.38,1133914.3699999999,994315.1850703479,1406174.02
South Africa,Nominal GDP,2006-01-01,2,"Quarterly,Yearly",479550.01,2057593.91,1268571.96,1115845.542700066,1578043.9
South Africa,Nominal GDP,2007-01-01,2,"Quarterly,Yearly",557505.69,2346649.86,1452077.775,1265115.975127377,1789144.17
South Africa,Nominal GDP,2008-01-01,2,"Quarterly,Yearly",620116.45,2611630.83,1615873.6400000001,1408213.322928523,1991514.3800000001
South Africa,Nominal GDP,2009-01-01,2,"Quarterly,Yearly",666641.88,2794228.41,1730435.145,1504430.8629241562,2127586.5300000003
South Africa,Nominal GDP,2010-01-01,2,"Quarterly,Yearly",715442.08,3055613.2,1885527.6400000001,1654750.8680889178,2340171.12
South Africa,Nominal GDP,2011-01-01,2,"Quarterly,Yearly",783165.02,3327047.01,2055106.015,1798796.2056673288,2543881.9899999998
South Africa,Nominal GDP,2012-01-01,2,"Quarterly,Yearly",847279.82,3566385.04,2206832.43,1922697.739821739,2719105.22
South Africa,Nominal GDP,2013-01-01,2,"Quarterly,Yearly",914543.07,3868630.21,2391586.64,2088855.0489099738,2954087.14
South Africa,Nominal GDP,2014-01-01,2,"Quarterly,Yearly",991281.75,4133873.02,2562577.385,2222147.5975146443,3142591.27
South Africa,Nominal GDP,2015-01-01,2,"Quarterly,Yearly",1058149.61,4420792.53,2739471.0700000003,2377747.6114409333,3362642.92
South Africa,Nominal GDP,2016-01-01,2,"Quarterly,Yearly",1136270.42,4759554.55,2947912.485,2562048.7784886,3623284.13
South Africa,Nominal GDP,2017-01-01,2,"Quarterly,Yearly",1207915.75,5078189.93,3143052.84,2736697.1177292042,3870274.1799999997
South Africa,Nominal GDP,2018-01-01,2,"Quarterly,Yearly",1268132.96,5363190.43,3315661.695,2895642.9063856266,4095057.4699999997
South Africa,Nominal GDP,2019-01-01,2,"Quarterly,Yearly",1330379.12,5625206.55,3477792.835,3036901.599778992,4294827.43
South Africa,Nominal GDP,2020-01-01,2,"Quarterly,Yearly",1414413.46,5562760.34,3488586.9,2933324.209562057,4148346.88
South Africa,Nominal GDP,2021-01-01,2,"Quarterly,Yearly",1468005.34,6220151.64,3844078.4899999998,3360274.873920561,4752146.3
South Africa,Nominal GDP,2022-01-01,2,"Quarterly,Yearly",1573444.13,6655523.78,4114483.955,3593572.983045156,5082079.65
South Africa,Nominal GDP,2023-01-01,2,"Quarterly,Yearly",1681377.29,7023994.46,4352685.875,3777800.830190682,5342617.17
South Africa,Nominal GDP,2024-01-01,2,"Quarterly,Yearly",1749703.0,7336242.0,4542972.5,3950279.610263114,5586539.0
South Africa,Real GDP,1993-01-01,2,"Quarterly,Yearly",560469.54,2315155.79,1437812.665,1240750.5462297937,1754686.25
South Africa,Real GDP,1994-01-01,2,"Quarterly,Yearly",571211.44,2389240.78,1480226.1099999999,1285540.8747101033,1818029.3399999999
South Africa,Real GDP,1995-01-01,2,"Quarterly,Yearly",594018.37,2463307.24,1528662.8050000002,1321786.835973539,1869288.87
South Africa,Real GDP,1996-01-01,2,"Quarterly,Yearly",617616.5,2569229.45,1593422.975,1379998.7511964827,1951612.9500000002
South Africa,Real GDP,1997-01-01,2,"Quarterly,Yearly",637140.48,2636029.42,1636584.95,1413427.92431279,1998888.94
South Africa,Real GDP,1998-01-01,2,"Quarterly,Yearly",643459.39,2649209.57,1646334.48,1418279.5536441382,2005750.1799999997
South Africa,Real GDP,1999-01-01,2,"Quarterly,Yearly",650460.84,2712790.6,1681625.72,1458287.3583388252,2062329.7600000002
South Africa,Real GDP,2000-01-01,2,"Quarterly,Yearly",673853.84,2826727.8,1750290.8199999998,1522311.776155936,2152873.96
South Africa,Real GDP,2001-01-01,2,"Quarterly,Yearly",699015.04,2903049.45,1801032.245,1558487.6772794914,2204034.41
South Africa,Real GDP,2002-01-01,2,"Quarterly,Yearly",723732.11,3010473.15,1867102.63,1616970.0962015782,2286741.04
South Africa,Real GDP,2003-01-01,2,"Quarterly,Yearly",746942.33,3099254.27,1923098.3,1663335.7242400832,2352311.94
South Africa,Real GDP,2004-01-01,2,"Quarterly,Yearly",774936.39,3240411.67,2007674.03,1743354.289335802,2465475.28
South Africa,Real GDP,2005-01-01,2,"Quarterly,Yearly",817146.73,3411409.88,2114278.3049999997,1834421.0655473734,2594263.15
South Africa,Real GDP,2006-01-01,2,"Quarterly,Yearly",858816.8,3602578.68,2230697.74,1940132.6313091503,2743761.88
South Africa,Real GDP,2007-01-01,2,"Quarterly,Yearly",914058.5,3795693.98,2354876.24,2037623.988815752,2881635.48
South Africa,Real GDP,2008-01-01,2,"Quarterly,Yearly",949046.78,3916816.24,2432931.5100000002,2098529.9101643385,2967769.46
South Africa,Real GDP,2009-01-01,2,"Quarterly,Yearly",938574.96,3856572.11,2397573.535,2063335.5722480193,2917997.15
South Africa,Real GDP,2010-01-01,2,"Quarterly,Yearly",961965.73,3973801.6,2467883.665,2129689.5674978853,3011835.87
South Africa,Real GDP,2011-01-01,2,"Quarterly,Yearly",994363.68,4099713.74,2547038.71,2195814.0853840522,3105350.06
South Africa,Real GDP,2012-01-01,2,"Quarterly,Yearly",1018376.51,4197952.41,2608164.46,2248299.68018732,3179575.9000000004
South Africa,Real GDP,2013-01-01,2,"Quarterly,Yearly",1038973.33,4302291.18,2670632.255,2307514.1809021044,3263317.8499999996
South Africa,Real GDP,2014-01-01,2,"Quarterly,Yearly",1058056.72,4363118.11,2710587.415,2337031.3211068367,3305061.3900000006
South Africa,Real GDP,2015-01-01,2,"Quarterly,Yearly",1083840.91,4420792.52,2752316.715,2359581.111922367,3336951.6099999994
South Africa,Real GDP,2016-01-01,2,"Quarterly,Yearly",1083940.6,4450171.0,2767055.8,2380284.342876304,3366230.4
South Africa,Real GDP,2017-01-01,2,"Quarterly,Yearly",1091113.47,4501701.62,2796407.545,2411650.008699482,3410588.1500000004
South Africa,Real GDP,2018-01-01,2,"Quarterly,Yearly",1105468.58,4571783.38,2838625.98,2451054.700807291,3466314.8
South Africa,Real GDP,2019-01-01,2,"Quarterly,Yearly",1110666.03,4583667.07,2847166.5500000003,2455782.5864519323,3473001.04
South Africa,Real GDP,2020-01-01,2,"Quarterly,Yearly",1120570.14,4300904.42,2710737.28,2248835.935828036,3180334.2800000003
South Africa,Real GDP,2021-01-01,2,"Quarterly,Yearly",1095894.34,4514015.64,2804954.9899999998,2416976.750148177,3418121.3
South Africa,Real GDP,2022-01-01,2,"Quarterly,Yearly",1123483.58,4600300.14,2861891.86,2458480.5665176846,3476816.5599999996
South Africa,Real GDP,2023-01-01,2,"Quarterly,Yearly",1129027.98,4632432.56,2880730.2699999996,2477281.135758008,3503404.5799999996
South Africa,Real GDP,2024-01-01,2,"Quarterly,Yearly",1135506.0,4659294.0,2897400.0,2491694.390263782,3523788.0
